This is pdfTeX, Version 3.141592653-2.6-1.40.22 (TeX Live 2022/dev/Debian) (preloaded format=pdflatex 2025.11.4)  4 NOV 2025 09:07
entering extended mode
 restricted \write18 enabled.
 %&-line parsing enabled.
**refman
(./refman.tex
LaTeX2e <2021-11-15> patch level 1
L3 programming layer <2022-01-21>
(/usr/share/texlive/texmf-dist/tex/latex/base/book.cls
Document Class: book 2021/10/04 v1.4n Standard LaTeX document class
(/usr/share/texlive/texmf-dist/tex/latex/base/bk10.clo
File: bk10.clo 2021/10/04 v1.4n Standard LaTeX file (size option)
)
\c@part=\count185
\c@chapter=\count186
\c@section=\count187
\c@subsection=\count188
\c@subsubsection=\count189
\c@paragraph=\count190
\c@subparagraph=\count191
\c@figure=\count192
\c@table=\count193
\abovecaptionskip=\skip47
\belowcaptionskip=\skip48
\bibindent=\dimen138
)
(/usr/share/texlive/texmf-dist/tex/latex/base/ifthen.sty
Package: ifthen 2020/11/24 v1.1c Standard LaTeX ifthen package (DPC)
)
(/usr/share/texlive/texmf-dist/tex/latex/tools/array.sty
Rollback for package 'array' requested -> date 2016-10-06.
         Best approximation is the release introduced on 2016-10-06.

(/usr/share/texlive/texmf-dist/tex/latex/tools/array-2016-10-06.sty
Package: array 2016/10/06 v2.4d Tabular extension package (FMi)
\col@sep=\dimen139
\extrarowheight=\dimen140
\NC@list=\toks16
\extratabsurround=\skip49
\backup@length=\skip50
))
(/usr/share/texlive/texmf-dist/tex/latex/base/fixltx2e.sty
Package: fixltx2e 2016/12/29 v2.1a fixes to LaTeX (obsolete)
Applying: [2015/01/01] Old fixltx2e package on input line 46.


Package fixltx2e Warning: fixltx2e is not required with releases after 2015
(fixltx2e)                All fixes are now in the LaTeX kernel.
(fixltx2e)                See the latexrelease package for details.

Already applied: [0000/00/00] Old fixltx2e package on input line 53.
) (./doxygen.sty
Package: doxygen 
 (/usr/share/texlive/texmf-dist/tex/latex/base/alltt.sty
Package: alltt 2021/01/29 v2.0g defines alltt environment
)
(/usr/share/texlive/texmf-dist/tex/latex/tools/calc.sty
Package: calc 2017/05/25 v4.3 Infix arithmetic (KKT,FJ)
\calc@Acount=\count194
\calc@Bcount=\count195
\calc@Adimen=\dimen141
\calc@Bdimen=\dimen142
\calc@Askip=\skip51
\calc@Bskip=\skip52
LaTeX Info: Redefining \setlength on input line 80.
LaTeX Info: Redefining \addtolength on input line 81.
\calc@Ccount=\count196
\calc@Cskip=\skip53
)
(/usr/share/texlive/texmf-dist/tex/latex/float/float.sty
Package: float 2001/11/08 v1.3d Float enhancements (AL)
\c@float@type=\count197
\float@exts=\toks17
\float@box=\box50
\@float@everytoks=\toks18
\@floatcapt=\box51
)
(/usr/share/texlive/texmf-dist/tex/latex/tools/verbatim.sty
Package: verbatim 2020-07-07 v1.5u LaTeX2e package for verbatim enhancements
\every@verbatim=\toks19
\verbatim@line=\toks20
\verbatim@in@stream=\read2
)
(/usr/share/texlive/texmf-dist/tex/latex/xcolor/xcolor.sty
Package: xcolor 2021/10/31 v2.13 LaTeX color extensions (UK)

(/usr/share/texlive/texmf-dist/tex/latex/graphics-cfg/color.cfg
File: color.cfg 2016/01/02 v1.6 sample color configuration
)
Package xcolor Info: Driver file: pdftex.def on input line 227.

(/usr/share/texlive/texmf-dist/tex/latex/graphics-def/pdftex.def
File: pdftex.def 2020/10/05 v1.2a Graphics/color driver for pdftex
)
(/usr/share/texlive/texmf-dist/tex/latex/colortbl/colortbl.sty
Package: colortbl 2020/01/04 v1.0e Color table columns (DPC)
\everycr=\toks21
\minrowclearance=\skip54
)
\rownum=\count198
Package xcolor Info: Model `cmy' substituted by `cmy0' on input line 1352.
Package xcolor Info: Model `hsb' substituted by `rgb' on input line 1356.
Package xcolor Info: Model `RGB' extended on input line 1368.
Package xcolor Info: Model `HTML' substituted by `rgb' on input line 1370.
Package xcolor Info: Model `Hsb' substituted by `hsb' on input line 1371.
Package xcolor Info: Model `tHsb' substituted by `hsb' on input line 1372.
Package xcolor Info: Model `HSB' substituted by `hsb' on input line 1373.
Package xcolor Info: Model `Gray' substituted by `gray' on input line 1374.
Package xcolor Info: Model `wave' substituted by `hsb' on input line 1375.
)
(./longtable_doxygen.sty
Package: longtable_doxygen 2014/10/28 v4.11 Multi-page Table package (DPC) - fr
ozen version for doxygen
\LTleft=\skip55
\LTright=\skip56
\LTpre=\skip57
\LTpost=\skip58
\LTchunksize=\count199
\LTcapwidth=\dimen143
\LT@head=\box52
\LT@firsthead=\box53
\LT@foot=\box54
\LT@lastfoot=\box55
\LT@cols=\count266
\LT@rows=\count267
\c@LT@tables=\count268
\c@LT@chunks=\count269
\LT@p@ftn=\toks22
) (./tabu_doxygen.sty
Package: tabu_doxygen 2011/02/26 v2.8 - flexible LaTeX tabulars (FC), frozen ve
rsion for doxygen

(/usr/share/texlive/texmf-dist/tex/latex/varwidth/varwidth.sty
Package: varwidth 2009/03/30 ver 0.92;  Variable-width minipages
\@vwid@box=\box56
\sift@deathcycles=\count270
\@vwid@loff=\dimen144
\@vwid@roff=\dimen145
)
\c@taburow=\count271
\tabu@nbcols=\count272
\tabu@cnt=\count273
\tabu@Xcol=\count274
\tabu@alloc=\count275
\tabu@nested=\count276
\tabu@target=\dimen146
\tabu@spreadtarget=\dimen147
\tabu@naturalX=\dimen148
\tabucolX=\dimen149
\tabu@Xsum=\dimen150
\extrarowdepth=\dimen151
\abovetabulinesep=\dimen152
\belowtabulinesep=\dimen153
\tabustrutrule=\dimen154
\tabu@thebody=\toks23
\tabu@footnotes=\toks24
\tabu@box=\box57
\tabu@arstrutbox=\box58
\tabu@hleads=\box59
\tabu@vleads=\box60
\tabu@cellskip=\skip59
)
(/usr/share/texlive/texmf-dist/tex/latex/fancyvrb/fancyvrb.sty
Package: fancyvrb 2021/12/21 4.1b verbatim text (tvz,hv)

(/usr/share/texlive/texmf-dist/tex/latex/graphics/keyval.sty
Package: keyval 2014/10/28 v1.15 key=value parser (DPC)
\KV@toks@=\toks25
)
\FV@CodeLineNo=\count277
\FV@InFile=\read3
\FV@TabBox=\box61
\c@FancyVerbLine=\count278
\FV@StepNumber=\count279
\FV@OutFile=\write3
)
(/usr/share/texlive/texmf-dist/tex/latex/tools/tabularx.sty
Package: tabularx 2020/01/15 v2.11c `tabularx' package (DPC)
\TX@col@width=\dimen155
\TX@old@table=\dimen156
\TX@old@col=\dimen157
\TX@target=\dimen158
\TX@delta=\dimen159
\TX@cols=\count280
\TX@ftn=\toks26
)
(/usr/share/texlive/texmf-dist/tex/latex/tools/multicol.sty
Package: multicol 2021/10/28 v1.9b multicolumn formatting (FMi)
\c@tracingmulticols=\count281
\mult@box=\box62
\multicol@leftmargin=\dimen160
\c@unbalance=\count282
\c@collectmore=\count283
\doublecol@number=\count284
\multicoltolerance=\count285
\multicolpretolerance=\count286
\full@width=\dimen161
\page@free=\dimen162
\premulticols=\dimen163
\postmulticols=\dimen164
\multicolsep=\skip60
\multicolbaselineskip=\skip61
\partial@page=\box63
\last@line=\box64
\maxbalancingoverflow=\dimen165
\mult@rightbox=\box65
\mult@grightbox=\box66
\mult@firstbox=\box67
\mult@gfirstbox=\box68
\@tempa=\box69
\@tempa=\box70
\@tempa=\box71
\@tempa=\box72
\@tempa=\box73
\@tempa=\box74
\@tempa=\box75
\@tempa=\box76
\@tempa=\box77
\@tempa=\box78
\@tempa=\box79
\@tempa=\box80
\@tempa=\box81
\@tempa=\box82
\@tempa=\box83
\@tempa=\box84
\@tempa=\box85
\@tempa=\box86
\@tempa=\box87
\@tempa=\box88
\@tempa=\box89
\@tempa=\box90
\@tempa=\box91
\@tempa=\box92
\@tempa=\box93
\@tempa=\box94
\@tempa=\box95
\@tempa=\box96
\@tempa=\box97
\@tempa=\box98
\@tempa=\box99
\@tempa=\box100
\@tempa=\box101
\@tempa=\box102
\@tempa=\box103
\@tempa=\box104
\c@minrows=\count287
\c@columnbadness=\count288
\c@finalcolumnbadness=\count289
\last@try=\dimen166
\multicolovershoot=\dimen167
\multicolundershoot=\dimen168
\mult@nat@firstbox=\box105
\colbreak@box=\box106
\mc@col@check@num=\count290
)
(/usr/share/texlive/texmf-dist/tex/latex/multirow/multirow.sty
Package: multirow 2021/03/15 v2.8 Span multiple rows of a table
\multirow@colwidth=\skip62
\multirow@cntb=\count291
\multirow@dima=\skip63
\bigstrutjot=\dimen169
)
(/usr/share/texlive/texmf-dist/tex/latex/hanging/hanging.sty
Package: hanging 2009/09/02 v1.2b hanging paragraphs and punctuation
\h@ngcommawd=\skip64
\h@ngfstopwd=\skip65
\h@ngquotewd=\skip66
\h@ngdquotewd=\skip67
\h@ngquerywd=\skip68
\h@ngexclwd=\skip69
\h@ngcolonwd=\skip70
\h@ngscolonwd=\skip71
)
(/usr/share/texlive/texmf-dist/tex/generic/iftex/ifpdf.sty
Package: ifpdf 2019/10/25 v3.4 ifpdf legacy package. Use iftex instead.

(/usr/share/texlive/texmf-dist/tex/generic/iftex/iftex.sty
Package: iftex 2020/03/06 v1.0d TeX engine tests
))
(/usr/share/texlive/texmf-dist/tex/latex/adjustbox/adjustbox.sty
Package: adjustbox 2020/08/19 v1.3 Adjusting TeX boxes (trim, clip, ...)

(/usr/share/texlive/texmf-dist/tex/latex/xkeyval/xkeyval.sty
Package: xkeyval 2020/11/20 v2.8 package option processing (HA)

(/usr/share/texlive/texmf-dist/tex/generic/xkeyval/xkeyval.tex
(/usr/share/texlive/texmf-dist/tex/generic/xkeyval/xkvutils.tex
\XKV@toks=\toks27
\XKV@tempa@toks=\toks28
)
\XKV@depth=\count292
File: xkeyval.tex 2014/12/03 v2.7a key=value parser (HA)
))
(/usr/share/texlive/texmf-dist/tex/latex/adjustbox/adjcalc.sty
Package: adjcalc 2012/05/16 v1.1 Provides advanced setlength with multiple back
-ends (calc, etex, pgfmath)
)
(/usr/share/texlive/texmf-dist/tex/latex/adjustbox/trimclip.sty
Package: trimclip 2020/08/19 v1.2 Trim and clip general TeX material

(/usr/share/texlive/texmf-dist/tex/latex/graphics/graphicx.sty
Package: graphicx 2021/09/16 v1.2d Enhanced LaTeX Graphics (DPC,SPQR)

(/usr/share/texlive/texmf-dist/tex/latex/graphics/graphics.sty
Package: graphics 2021/03/04 v1.4d Standard LaTeX Graphics (DPC,SPQR)

(/usr/share/texlive/texmf-dist/tex/latex/graphics/trig.sty
Package: trig 2021/08/11 v1.11 sin cos tan (DPC)
)
(/usr/share/texlive/texmf-dist/tex/latex/graphics-cfg/graphics.cfg
File: graphics.cfg 2016/06/04 v1.11 sample graphics configuration
)
Package graphics Info: Driver file: pdftex.def on input line 107.
)
\Gin@req@height=\dimen170
\Gin@req@width=\dimen171
)
(/usr/share/texlive/texmf-dist/tex/latex/collectbox/collectbox.sty
Package: collectbox 2012/05/17 v0.4b Collect macro arguments as boxes
\collectedbox=\box107
)
\tc@llx=\dimen172
\tc@lly=\dimen173
\tc@urx=\dimen174
\tc@ury=\dimen175
Package trimclip Info: Using driver 'tc-pdftex.def'.

(/usr/share/texlive/texmf-dist/tex/latex/adjustbox/tc-pdftex.def
File: tc-pdftex.def 2019/01/04 v2.2 Clipping driver for pdftex
))
\adjbox@Width=\dimen176
\adjbox@Height=\dimen177
\adjbox@Depth=\dimen178
\adjbox@Totalheight=\dimen179
\adjbox@pwidth=\dimen180
\adjbox@pheight=\dimen181
\adjbox@pdepth=\dimen182
\adjbox@ptotalheight=\dimen183

(/usr/share/texlive/texmf-dist/tex/latex/ifoddpage/ifoddpage.sty
Package: ifoddpage 2016/04/23 v1.1 Conditionals for odd/even page detection
\c@checkoddpage=\count293
))
(/usr/share/texlive/texmf-dist/tex/latex/amsfonts/amssymb.sty
Package: amssymb 2013/01/14 v3.01 AMS font symbols

(/usr/share/texlive/texmf-dist/tex/latex/amsfonts/amsfonts.sty
Package: amsfonts 2013/01/14 v3.01 Basic AMSFonts support
\@emptytoks=\toks29
\symAMSa=\mathgroup4
\symAMSb=\mathgroup5
LaTeX Font Info:    Redeclaring math symbol \hbar on input line 98.
LaTeX Font Info:    Overwriting math alphabet `\mathfrak' in version `bold'
(Font)                  U/euf/m/n --> U/euf/b/n on input line 106.
))
(/usr/share/texlive/texmf-dist/tex/latex/stackengine/stackengine.sty
Package: stackengine 2021/07/22 v4.11\ Stacking text and objects in convenient 
ways

(/usr/share/texlive/texmf-dist/tex/latex/etoolbox/etoolbox.sty
Package: etoolbox 2020/10/05 v2.5k e-TeX tools for LaTeX (JAW)
\etb@tempcnta=\count294
)
(/usr/share/texlive/texmf-dist/tex/generic/listofitems/listofitems.sty
(/usr/share/texlive/texmf-dist/tex/generic/listofitems/listofitems.tex
\loi_cnt_foreach_nest=\count295
\loi_nestcnt=\count296
)
Package: listofitems 2019/08/21 v1.63 Grab items in lists using user-specified 
sep char (CT)
)
\c@@stackindex=\count297
\@boxshift=\skip72
\stack@tmplength=\skip73
\temp@stkl=\skip74
\@stackedboxwidth=\skip75
\@addedbox=\box108
\@anchorbox=\box109
\@insetbox=\box110
\se@backgroundbox=\box111
\stackedbox=\box112
\@centerbox=\box113
\c@ROWcellindex@=\count298
)
(/usr/share/texlive/texmf-dist/tex/generic/ulem/ulem.sty
\UL@box=\box114
\UL@hyphenbox=\box115
\UL@skip=\skip76
\UL@hook=\toks30
\UL@height=\dimen184
\UL@pe=\count299
\UL@pixel=\dimen185
\ULC@box=\box116
Package: ulem 2019/11/18
\ULdepth=\dimen186
)
\xrefbox=\box117
\xreflength=\skip77
\CodeWidthChar=\skip78
\CodeHeightChar=\skip79
\DoxyCodeWidth=\skip80
)
(/usr/share/texlive/texmf-dist/tex/latex/base/inputenc.sty
Package: inputenc 2021/02/14 v1.3d Input encoding file
\inpenc@prehook=\toks31
\inpenc@posthook=\toks32
)
(/usr/share/texlive/texmf-dist/tex/latex/base/makeidx.sty
Package: makeidx 2021/10/04 v1.0m Standard LaTeX package
)
(/usr/share/texlive/texmf-dist/tex/latex/base/textcomp.sty
Package: textcomp 2020/02/02 v2.0n Standard LaTeX package
)
(/usr/share/texlive/texmf-dist/tex/latex/wasysym/wasysym.sty
Package: wasysym 2020/01/19 v2.4 Wasy-2 symbol support package
\symwasy=\mathgroup6
LaTeX Font Info:    Overwriting symbol font `wasy' in version `bold'
(Font)                  U/wasy/m/n --> U/wasy/b/n on input line 93.
)
(/usr/share/texlive/texmf-dist/tex/generic/iftex/ifxetex.sty
Package: ifxetex 2019/10/25 v0.7 ifxetex legacy package. Use iftex instead.
)
(/usr/share/texlive/texmf-dist/tex/latex/base/fontenc.sty
Package: fontenc 2021/04/29 v2.0v Standard LaTeX package
)
(/usr/share/texlive/texmf-dist/tex/latex/psnfss/helvet.sty
Package: helvet 2020/03/25 PSNFSS-v9.3 (WaS) 
)
(/usr/share/texlive/texmf-dist/tex/latex/psnfss/courier.sty
Package: courier 2020/03/25 PSNFSS-v9.3 (WaS) 
)
(/usr/share/texlive/texmf-dist/tex/latex/sectsty/sectsty.sty
Package: sectsty 2002/02/25 v2.0.2 Commands to change all sectional heading sty
les


LaTeX Warning: Command \underbar  has changed.
               Check if current package is valid.


LaTeX Warning: Command \underline  has changed.
               Check if current package is valid.

) (/usr/share/texlive/texmf-dist/tex/latex/geometry/geometry.sty
Package: geometry 2020/01/02 v5.9 Page Geometry

(/usr/share/texlive/texmf-dist/tex/generic/iftex/ifvtex.sty
Package: ifvtex 2019/10/25 v1.7 ifvtex legacy package. Use iftex instead.
)
\Gm@cnth=\count300
\Gm@cntv=\count301
\c@Gm@tempcnt=\count302
\Gm@bindingoffset=\dimen187
\Gm@wd@mp=\dimen188
\Gm@odd@mp=\dimen189
\Gm@even@mp=\dimen190
\Gm@layoutwidth=\dimen191
\Gm@layoutheight=\dimen192
\Gm@layouthoffset=\dimen193
\Gm@layoutvoffset=\dimen194
\Gm@dimlist=\toks33
)
(/usr/share/texlive/texmf-dist/tex/latex/fancyhdr/fancyhdr.sty
Package: fancyhdr 2021/01/28 v4.0.1 Extensive control of page headers and foote
rs
\f@nch@headwidth=\skip81
\f@nch@O@elh=\skip82
\f@nch@O@erh=\skip83
\f@nch@O@olh=\skip84
\f@nch@O@orh=\skip85
\f@nch@O@elf=\skip86
\f@nch@O@erf=\skip87
\f@nch@O@olf=\skip88
\f@nch@O@orf=\skip89
)
(/usr/share/texlive/texmf-dist/tex/latex/natbib/natbib.sty
Package: natbib 2010/09/13 8.31b (PWD, AO)
\bibhang=\skip90
\bibsep=\skip91
LaTeX Info: Redefining \cite on input line 694.
\c@NAT@ctr=\count303
)
(/usr/share/texlive/texmf-dist/tex/latex/tocloft/tocloft.sty
Package: tocloft 2017/08/31 v2.3i parameterised ToC, etc., typesetting
Package tocloft Info: The document has chapter divisions on input line 51.
\cftparskip=\skip92
\cftbeforetoctitleskip=\skip93
\cftaftertoctitleskip=\skip94
\cftbeforepartskip=\skip95
\cftpartnumwidth=\skip96
\cftpartindent=\skip97
\cftbeforechapskip=\skip98
\cftchapindent=\skip99
\cftchapnumwidth=\skip100
\cftbeforesecskip=\skip101
\cftsecindent=\skip102
\cftsecnumwidth=\skip103
\cftbeforesubsecskip=\skip104
\cftsubsecindent=\skip105
\cftsubsecnumwidth=\skip106
\cftbeforesubsubsecskip=\skip107
\cftsubsubsecindent=\skip108
\cftsubsubsecnumwidth=\skip109
\cftbeforeparaskip=\skip110
\cftparaindent=\skip111
\cftparanumwidth=\skip112
\cftbeforesubparaskip=\skip113
\cftsubparaindent=\skip114
\cftsubparanumwidth=\skip115
\cftbeforeloftitleskip=\skip116
\cftafterloftitleskip=\skip117
\cftbeforefigskip=\skip118
\cftfigindent=\skip119
\cftfignumwidth=\skip120
\c@lofdepth=\count304
\c@lotdepth=\count305
\cftbeforelottitleskip=\skip121
\cftafterlottitleskip=\skip122
\cftbeforetabskip=\skip123
\cfttabindent=\skip124
\cfttabnumwidth=\skip125
)
\@indexfile=\write4
\openout4 = `refman.idx'.


Writing index file refman.idx
(/usr/share/texlive/texmf-dist/tex/latex/newunicodechar/newunicodechar.sty
Package: newunicodechar 2018/04/08 v1.2 Defining Unicode characters
)

Package newunicodechar Warning: Redefining Unicode character on input line 115.



Package newunicodechar Warning: Redefining Unicode character on input line 116.


(/usr/share/texlive/texmf-dist/tex/latex/hyperref/hyperref.sty
Package: hyperref 2021-06-07 v7.00m Hypertext links for LaTeX

(/usr/share/texlive/texmf-dist/tex/generic/ltxcmds/ltxcmds.sty
Package: ltxcmds 2020-05-10 v1.25 LaTeX kernel commands for general use (HO)
)
(/usr/share/texlive/texmf-dist/tex/generic/pdftexcmds/pdftexcmds.sty
Package: pdftexcmds 2020-06-27 v0.33 Utility functions of pdfTeX for LuaTeX (HO
)

(/usr/share/texlive/texmf-dist/tex/generic/infwarerr/infwarerr.sty
Package: infwarerr 2019/12/03 v1.5 Providing info/warning/error messages (HO)
)
Package pdftexcmds Info: \pdf@primitive is available.
Package pdftexcmds Info: \pdf@ifprimitive is available.
Package pdftexcmds Info: \pdfdraftmode found.
)
(/usr/share/texlive/texmf-dist/tex/generic/kvsetkeys/kvsetkeys.sty
Package: kvsetkeys 2019/12/15 v1.18 Key value parser (HO)
)
(/usr/share/texlive/texmf-dist/tex/generic/kvdefinekeys/kvdefinekeys.sty
Package: kvdefinekeys 2019-12-19 v1.6 Define keys (HO)
)
(/usr/share/texlive/texmf-dist/tex/generic/pdfescape/pdfescape.sty
Package: pdfescape 2019/12/09 v1.15 Implements pdfTeX's escape features (HO)
)
(/usr/share/texlive/texmf-dist/tex/latex/hycolor/hycolor.sty
Package: hycolor 2020-01-27 v1.10 Color options for hyperref/bookmark (HO)
)
(/usr/share/texlive/texmf-dist/tex/latex/letltxmacro/letltxmacro.sty
Package: letltxmacro 2019/12/03 v1.6 Let assignment for LaTeX macros (HO)
)
(/usr/share/texlive/texmf-dist/tex/latex/auxhook/auxhook.sty
Package: auxhook 2019-12-17 v1.6 Hooks for auxiliary files (HO)
)
(/usr/share/texlive/texmf-dist/tex/latex/kvoptions/kvoptions.sty
Package: kvoptions 2020-10-07 v3.14 Key value format for package options (HO)
)
\@linkdim=\dimen195
\Hy@linkcounter=\count306
\Hy@pagecounter=\count307

(/usr/share/texlive/texmf-dist/tex/latex/hyperref/pd1enc.def
File: pd1enc.def 2021-06-07 v7.00m Hyperref: PDFDocEncoding definition (HO)
Now handling font encoding PD1 ...
... no UTF-8 mapping file for font encoding PD1
)
(/usr/share/texlive/texmf-dist/tex/latex/hyperref/hyperref-langpatches.def
File: hyperref-langpatches.def 2021-06-07 v7.00m Hyperref: patches for babel la
nguages
)
(/usr/share/texlive/texmf-dist/tex/generic/intcalc/intcalc.sty
Package: intcalc 2019/12/15 v1.3 Expandable calculations with integers (HO)
)
(/usr/share/texlive/texmf-dist/tex/generic/etexcmds/etexcmds.sty
Package: etexcmds 2019/12/15 v1.7 Avoid name clashes with e-TeX commands (HO)
)
\Hy@SavedSpaceFactor=\count308

(/usr/share/texlive/texmf-dist/tex/latex/hyperref/puenc.def
File: puenc.def 2021-06-07 v7.00m Hyperref: PDF Unicode definition (HO)
Now handling font encoding PU ...
... no UTF-8 mapping file for font encoding PU
)
Package hyperref Info: Hyper figures OFF on input line 4192.
Package hyperref Info: Link nesting OFF on input line 4197.
Package hyperref Info: Hyper index ON on input line 4200.
Package hyperref Info: Plain pages OFF on input line 4207.
Package hyperref Info: Backreferencing ON on input line 4210.
Package hyperref Info: Implicit mode ON; LaTeX internals redefined.
Package hyperref Info: Bookmarks ON on input line 4445.

(/usr/share/texlive/texmf-dist/tex/latex/hyperref/backref.sty
Package: backref 2021/02/04 v1.41 Bibliographical back referencing

(/usr/share/texlive/texmf-dist/tex/latex/rerunfilecheck/rerunfilecheck.sty
Package: rerunfilecheck 2019/12/05 v1.9 Rerun checks for auxiliary files (HO)

(/usr/share/texlive/texmf-dist/tex/latex/base/atveryend-ltx.sty
Package: atveryend-ltx 2020/08/19 v1.0a Emulation of the original atveryend pac
kage
with kernel methods
)
(/usr/share/texlive/texmf-dist/tex/generic/uniquecounter/uniquecounter.sty
Package: uniquecounter 2019/12/15 v1.4 Provide unlimited unique counter (HO)

(/usr/share/texlive/texmf-dist/tex/generic/bigintcalc/bigintcalc.sty
Package: bigintcalc 2019/12/15 v1.5 Expandable calculations on big integers (HO
)
))
Package uniquecounter Info: New unique counter `rerunfilecheck' on input line 2
86.
))
\c@Hy@tempcnt=\count309

(/usr/share/texlive/texmf-dist/tex/latex/url/url.sty
\Urlmuskip=\muskip16
Package: url 2013/09/16  ver 3.4  Verb mode for urls, etc.
)
LaTeX Info: Redefining \url on input line 4804.
\XeTeXLinkMargin=\dimen196

(/usr/share/texlive/texmf-dist/tex/generic/bitset/bitset.sty
Package: bitset 2019/12/09 v1.3 Handle bit-vector datatype (HO)
)
\Fld@menulength=\count310
\Field@Width=\dimen197
\Fld@charsize=\dimen198
Package hyperref Info: Hyper figures OFF on input line 6076.
Package hyperref Info: Link nesting OFF on input line 6081.
Package hyperref Info: Hyper index ON on input line 6084.
Package hyperref Info: backreferencing ON on input line 6089.
Package hyperref Info: Link coloring OFF on input line 6096.
Package hyperref Info: Link coloring with OCG OFF on input line 6101.
Package hyperref Info: PDF/A mode OFF on input line 6106.
LaTeX Info: Redefining \ref on input line 6146.
LaTeX Info: Redefining \pageref on input line 6150.

(/usr/share/texlive/texmf-dist/tex/latex/base/atbegshi-ltx.sty
Package: atbegshi-ltx 2021/01/10 v1.0c Emulation of the original atbegshi
package with kernel methods
)
\Hy@abspage=\count311
\c@Item=\count312
\c@Hfootnote=\count313


LaTeX Warning: Command \LT@p@ftntext  has changed.
               Check if current package is valid.

)
Package hyperref Info: Driver: hpdftex.
 (/usr/share/texlive/texmf-dist/tex/latex/hyperref/hpdftex.def
File: hpdftex.def 2021-06-07 v7.00m Hyperref driver for pdfTeX
\Fld@listcount=\count314
\c@bookmark@seq@number=\count315
\Hy@SectionHShift=\skip126
)
Package hyperref Info: Option `colorlinks' set `true' on input line 134.
Package hyperref Info: Option `unicode' set `true' on input line 134.

(/usr/share/texlive/texmf-dist/tex/latex/caption/caption.sty
Package: caption 2020/10/26 v3.5g Customizing captions (AR)

(/usr/share/texlive/texmf-dist/tex/latex/caption/caption3.sty
Package: caption3 2020/10/21 v2.2e caption3 kernel (AR)
\captionmargin=\dimen199
\captionmargin@=\dimen256
\captionwidth=\dimen257
\caption@tempdima=\dimen258
\caption@indent=\dimen259
\caption@parindent=\dimen260
\caption@hangindent=\dimen261
Package caption Info: Standard document class detected.
)
\c@caption@flags=\count316
\c@continuedfloat=\count317
Package caption Info: float package is loaded.
Package caption Info: hyperref package is loaded.
Package caption Info: longtable package is loaded.

(/usr/share/texlive/texmf-dist/tex/latex/caption/ltcaption.sty
Package: ltcaption 2020/05/30 v1.4b longtable captions (AR)
))
(/usr/share/texlive/texmf-dist/tex/latex/etoc/etoc.sty
Package: etoc 2021/09/23 v1.09e Completely customisable TOCs (JFB)
\Etoc@toctoks=\toks34
\c@etoc@tocid=\count318
\c@etoc@tocdepth=\count319
\etoc@framed@titlebox=\box118
\etoc@framed@contentsbox=\box119
)
LaTeX Font Info:    Trying to load font information for T1+phv on input line 14
9.

(/usr/share/texlive/texmf-dist/tex/latex/psnfss/t1phv.fd
File: t1phv.fd 2020/03/25 scalable font definitions for T1/phv.
)
LaTeX Font Info:    Font shape `T1/phv/m/n' will be
(Font)              scaled to size 8.99994pt on input line 149.

(/usr/share/texlive/texmf-dist/tex/latex/l3backend/l3backend-pdftex.def
File: l3backend-pdftex.def 2022-01-12 L3 backend support: PDF output (pdfTeX)
\l__color_backend_stack_int=\count320
\l__pdf_internal_box=\box120
)
(./refman.aux

LaTeX Warning: Label `classManagerfactory' multiply defined.


LaTeX Warning: Label `classManagerfactory_a06cba8f66de5814738ff37049e2e9da7' mu
ltiply defined.


LaTeX Warning: Label `classManagerfactory_a6177cd6f24d4b18d67ab7b1694758d26' mu
ltiply defined.


LaTeX Warning: Label `classManagerfactory_ae5cd18b21bd458fa87da48bb70bca752' mu
ltiply defined.


LaTeX Warning: Label `classManagerfactory_a90ffac28940f8ca1e1469ebb18a0384e' mu
ltiply defined.

)
\openout1 = `refman.aux'.

LaTeX Font Info:    Checking defaults for OML/cmm/m/it on input line 149.
LaTeX Font Info:    ... okay on input line 149.
LaTeX Font Info:    Checking defaults for OMS/cmsy/m/n on input line 149.
LaTeX Font Info:    ... okay on input line 149.
LaTeX Font Info:    Checking defaults for OT1/cmr/m/n on input line 149.
LaTeX Font Info:    ... okay on input line 149.
LaTeX Font Info:    Checking defaults for T1/cmr/m/n on input line 149.
LaTeX Font Info:    ... okay on input line 149.
LaTeX Font Info:    Checking defaults for TS1/cmr/m/n on input line 149.
LaTeX Font Info:    ... okay on input line 149.
LaTeX Font Info:    Checking defaults for OMX/cmex/m/n on input line 149.
LaTeX Font Info:    ... okay on input line 149.
LaTeX Font Info:    Checking defaults for U/cmr/m/n on input line 149.
LaTeX Font Info:    ... okay on input line 149.
LaTeX Font Info:    Checking defaults for PD1/pdf/m/n on input line 149.
LaTeX Font Info:    ... okay on input line 149.
LaTeX Font Info:    Checking defaults for PU/pdf/m/n on input line 149.
LaTeX Font Info:    ... okay on input line 149.
 (/usr/share/texlive/texmf-dist/tex/context/base/mkii/supp-pdf.mkii
[Loading MPS to PDF converter (version 2006.09.02).]
\scratchcounter=\count321
\scratchdimen=\dimen262
\scratchbox=\box121
\nofMPsegments=\count322
\nofMParguments=\count323
\everyMPshowfont=\toks35
\MPscratchCnt=\count324
\MPscratchDim=\dimen263
\MPnumerator=\count325
\makeMPintoPDFobject=\count326
\everyMPtoPDFconversion=\toks36
) (/usr/share/texlive/texmf-dist/tex/latex/epstopdf-pkg/epstopdf-base.sty
Package: epstopdf-base 2020-01-24 v2.11 Base part for package epstopdf
Package epstopdf-base Info: Redefining graphics rule for `.eps' on input line 4
85.

(/usr/share/texlive/texmf-dist/tex/latex/latexconfig/epstopdf-sys.cfg
File: epstopdf-sys.cfg 2010/07/13 v1.3 Configuration of (r)epstopdf for TeX Liv
e
))
*geometry* driver: auto-detecting
*geometry* detected driver: pdftex
*geometry* verbose mode - [ preamble ] result:
* driver: pdftex
* paper: a4paper
* layout: <same size as paper>
* layoutoffset:(h,v)=(0.0pt,0.0pt)
* modes: twoside 
* h-part:(L,W,R)=(71.13188pt, 455.24411pt, 71.13188pt)
* v-part:(T,H,B)=(71.13188pt, 702.78308pt, 71.13188pt)
* \paperwidth=597.50787pt
* \paperheight=845.04684pt
* \textwidth=455.24411pt
* \textheight=702.78308pt
* \oddsidemargin=-1.1381pt
* \evensidemargin=-1.1381pt
* \topmargin=-31.2056pt
* \headheight=12.0pt
* \headsep=18.06749pt
* \topskip=10.0pt
* \footskip=25.29494pt
* \marginparwidth=125.0pt
* \marginparsep=7.0pt
* \columnsep=10.0pt
* \skip\footins=9.0pt plus 4.0pt minus 2.0pt
* \hoffset=0.0pt
* \voffset=0.0pt
* \mag=1000
* \@twocolumnfalse
* \@twosidetrue
* \@mparswitchtrue
* \@reversemarginfalse
* (1in=72.27pt=25.4mm, 1cm=28.453pt)

Package hyperref Info: Link coloring ON on input line 149.
(/usr/share/texlive/texmf-dist/tex/latex/hyperref/nameref.sty
Package: nameref 2021-04-02 v2.47 Cross-referencing by name of section

(/usr/share/texlive/texmf-dist/tex/latex/refcount/refcount.sty
Package: refcount 2019/12/15 v3.6 Data extraction from label references (HO)
)
(/usr/share/texlive/texmf-dist/tex/generic/gettitlestring/gettitlestring.sty
Package: gettitlestring 2019/12/15 v1.6 Cleanup title references (HO)
)
\c@section@level=\count327
)
LaTeX Info: Redefining \ref on input line 149.
LaTeX Info: Redefining \pageref on input line 149.
LaTeX Info: Redefining \nameref on input line 149.

(./refman.out) (./refman.out)
\@outlinefile=\write5
\openout5 = `refman.out'.

Package backref Info: ** backref set up for natbib ** on input line 149.
Package caption Info: Begin \AtBeginDocument code.
Package caption Info: End \AtBeginDocument code.
\Etoc@tf=\read4
Package hyperref Info: Option `pageanchor' set `false' on input line 156.
Package hyperref Info: Option `bookmarksnumbered' set `true' on input line 156.

Package hyperref Info: Option `unicode' set `true' on input line 156.
LaTeX Font Info:    Font shape `T1/phv/m/n' will be
(Font)              scaled to size 12.9599pt on input line 161.
LaTeX Font Info:    Font shape `T1/phv/m/n' will be
(Font)              scaled to size 10.79993pt on input line 163.
 [1


{/var/lib/texmf/fonts/map/pdftex/updmap/pdftex.map}] [2

]
\tf@toc=\write6
\openout6 = `refman.toc'.

LaTeX Font Info:    Font shape `T1/phv/b/n' will be
(Font)              scaled to size 8.99994pt on input line 169.
LaTeX Font Info:    Trying to load font information for U+msa on input line 169
.
 (/usr/share/texlive/texmf-dist/tex/latex/amsfonts/umsa.fd
File: umsa.fd 2013/01/14 v3.01 AMS symbols A
)
LaTeX Font Info:    Trying to load font information for U+msb on input line 169
.

(/usr/share/texlive/texmf-dist/tex/latex/amsfonts/umsb.fd
File: umsb.fd 2013/01/14 v3.01 AMS symbols B
)
LaTeX Font Info:    Trying to load font information for U+wasy on input line 16
9.

(/usr/share/texlive/texmf-dist/tex/latex/wasysym/uwasy.fd
File: uwasy.fd 2020/01/19 v2.4 Wasy-2 symbol font definitions
)
LaTeX Font Info:    Font shape `T1/phv/m/n' will be
(Font)              scaled to size 6.29996pt on input line 169.
LaTeX Font Info:    Font shape `T1/phv/b/n' will be
(Font)              scaled to size 6.29996pt on input line 169.
 [1] [2] [3] [4]
[5] [6] [7] [8] [9] [10] [11] [12] [13] [14] [15] [16

]
Package hyperref Info: Option `pageanchor' set `true' on input line 171.

Chapter 1.
LaTeX Font Info:    Font shape `T1/phv/m/n' will be
(Font)              scaled to size 18.66588pt on input line 174.
LaTeX Font Info:    Font shape `T1/phv/b/n' will be
(Font)              scaled to size 18.66588pt on input line 174.
LaTeX Font Info:    Font shape `T1/phv/bc/n' will be
(Font)              scaled to size 18.66588pt on input line 174.
LaTeX Font Info:    Font shape `T1/phv/m/n' will be
(Font)              scaled to size 22.39185pt on input line 174.
LaTeX Font Info:    Font shape `T1/phv/b/n' will be
(Font)              scaled to size 22.39185pt on input line 174.
LaTeX Font Info:    Font shape `T1/phv/bc/n' will be
(Font)              scaled to size 22.39185pt on input line 174.
(./hierarchy.tex
LaTeX Font Info:    Font shape `T1/phv/b/n' will be
(Font)              scaled to size 12.9599pt on input line 1.


LaTeX Warning: Reference `classManagerFactory' on page 1 undefined on input lin
e 38.

[1

]) [2]
Chapter 2.
(./annotated.tex [3

]

LaTeX Warning: Reference `classManagerFactory' on page 4 undefined on input lin
e 29.

LaTeX Font Info:    Trying to load font information for TS1+phv on input line 3
5.
(/usr/share/texlive/texmf-dist/tex/latex/psnfss/ts1phv.fd
File: ts1phv.fd 2020/03/25 scalable font definitions for TS1/phv.
)
LaTeX Font Info:    Font shape `TS1/phv/m/n' will be
(Font)              scaled to size 8.99994pt on input line 35.
 [4]) [5] [6

]
Chapter 3.
(./files.tex

LaTeX Warning: Reference `AddStock_8h' on page 7 undefined on input line 3.


LaTeX Warning: Reference `BasePlant_8h' on page 7 undefined on input line 6.


LaTeX Warning: Reference `ConcretePlantCollection_8h' on page 7 undefined on in
put line 9.


LaTeX Warning: Reference `ConcreteProductIterator_8h' on page 7 undefined on in
put line 10.

[7]

LaTeX Warning: Reference `GreenhouseUnitTest_8h' on page 8 undefined on input l
ine 25.


LaTeX Warning: Reference `PlantCollection_8h' on page 8 undefined on input line
 46.


LaTeX Warning: Reference `PLantLifeCycle_8h' on page 8 undefined on input line 
50.


LaTeX Warning: Reference `ProductIterator_8h' on page 8 undefined on input line
 53.

[8]

LaTeX Warning: Reference `WateringStrategy_8h' on page 9 undefined on input lin
e 78.

) [9] [10

]
Chapter 4.
(./classAddStock.tex
LaTeX Font Info:    Trying to load font information for T1+pcr on input line 10
.
 (/usr/share/texlive/texmf-dist/tex/latex/psnfss/t1pcr.fd
File: t1pcr.fd 2001/06/04 font definitions for T1/pcr.
) <./classAddStock__inherit__graph.pdf

pdfTeX warning: pdflatex (file ./classAddStock__inherit__graph.pdf): PDF inclus
ion: multiple pdfs with page group included in a single page
>
<classAddStock__inherit__graph.pdf, id=3646, 174.6525pt x 156.585pt>
File: classAddStock__inherit__graph.pdf Graphic file (type pdf)
<use classAddStock__inherit__graph.pdf>
Package pdftex.def Info: classAddStock__inherit__graph.pdf  used on input line 
19.
(pdftex.def)             Requested size: 174.0pt x 156.00879pt.
 <./classAddStock__coll__graph.pdf

pdfTeX warning: pdflatex (file ./classAddStock__coll__graph.pdf): PDF inclusion
: multiple pdfs with page group included in a single page
>
<classAddStock__coll__graph.pdf, id=3654, 174.6525pt x 156.585pt>
File: classAddStock__coll__graph.pdf Graphic file (type pdf)
<use classAddStock__coll__graph.pdf>
Package pdftex.def Info: classAddStock__coll__graph.pdf  used on input line 29.

(pdftex.def)             Requested size: 174.0pt x 156.00879pt.
LaTeX Font Info:    Font shape `T1/phv/b/n' will be
(Font)              scaled to size 10.79993pt on input line 32.
LaTeX Font Info:    Font shape `T1/phv/m/n' will be
(Font)              scaled to size 8.09995pt on input line 36.
LaTeX Font Info:    Font shape `T1/phv/m/it' in size <9> not available
(Font)              Font shape `T1/phv/m/sl' tried instead on input line 36.
LaTeX Font Info:    Font shape `T1/phv/m/sl' will be
(Font)              scaled to size 8.09995pt on input line 36.
LaTeX Font Info:    Font shape `T1/phv/m/it' in size <7> not available
(Font)              Font shape `T1/phv/m/sl' tried instead on input line 36.
LaTeX Font Info:    Font shape `T1/phv/m/sl' will be
(Font)              scaled to size 6.29996pt on input line 36.
 [11]
LaTeX Font Info:    Font shape `T1/phv/m/n' will be
(Font)              scaled to size 7.19995pt on input line 51.
LaTeX Font Info:    Font shape `T1/pcr/m/it' in size <8> not available
(Font)              Font shape `T1/pcr/m/sl' tried instead on input line 51.
LaTeX Font Info:    Font shape `T1/pcr/m/it' in size <7> not available
(Font)              Font shape `T1/pcr/m/sl' tried instead on input line 51.

Underfull \hbox (badness 10000) detected at line 79
[][][]
 []

[12]) (./classAskQuery.tex [13]
Underfull \hbox (badness 10000) detected at line 44
[][][]
 []


Underfull \hbox (badness 10000) detected at line 54
[][][]
 []


Underfull \hbox (badness 10000) detected at line 74
[][][]
 []


Underfull \hbox (badness 10000) detected at line 84
[][][]
 []

[14]) (./classBasePlant.tex <./classBasePlant__inherit__graph.pdf

pdfTeX warning: pdflatex (file ./classBasePlant__inherit__graph.pdf): PDF inclu
sion: multiple pdfs with page group included in a single page
>
<classBasePlant__inherit__graph.pdf, id=3770, 145.54375pt x 156.585pt>
File: classBasePlant__inherit__graph.pdf Graphic file (type pdf)
<use classBasePlant__inherit__graph.pdf>
Package pdftex.def Info: classBasePlant__inherit__graph.pdf  used on input line
 10.
(pdftex.def)             Requested size: 145.0pt x 156.01117pt.
 <./classBasePlant__coll__graph.pdf

pdfTeX warning: pdflatex (file ./classBasePlant__coll__graph.pdf): PDF inclusio
n: multiple pdfs with page group included in a single page
>
<classBasePlant__coll__graph.pdf, id=3778, 493.845pt x 167.62625pt>
File: classBasePlant__coll__graph.pdf Graphic file (type pdf)
<use classBasePlant__coll__graph.pdf>
Package pdftex.def Info: classBasePlant__coll__graph.pdf  used on input line 20
.
(pdftex.def)             Requested size: 350.0pt x 118.8006pt.
 [15]
Underfull \hbox (badness 10000) detected at line 47
[][][]
 []


Underfull \hbox (badness 10000) detected at line 64
[][][]
 []

) (./classBuilder.tex <./classBuilder__inherit__graph.pdf>
<classBuilder__inherit__graph.pdf, id=3802, 305.14pt x 156.585pt>
File: classBuilder__inherit__graph.pdf Graphic file (type pdf)
<use classBuilder__inherit__graph.pdf>
Package pdftex.def Info: classBuilder__inherit__graph.pdf  used on input line 1
9.
(pdftex.def)             Requested size: 304.0pt x 156.0064pt.
 <./classBuilder__coll__graph.pdf

pdfTeX warning: pdflatex (file ./classBuilder__coll__graph.pdf): PDF inclusion:
 multiple pdfs with page group included in a single page
>
<classBuilder__coll__graph.pdf, id=3810, 502.87875pt x 167.62625pt>
File: classBuilder__coll__graph.pdf Graphic file (type pdf)
<use classBuilder__coll__graph.pdf>
Package pdftex.def Info: classBuilder__coll__graph.pdf  used on input line 29.
(pdftex.def)             Requested size: 350.0pt x 116.66487pt.
 [16]
LaTeX Font Info:    Font shape `TS1/phv/m/it' in size <9> not available
(Font)              Font shape `TS1/phv/m/sl' tried instead on input line 42.
LaTeX Font Info:    Font shape `TS1/phv/m/sl' will be
(Font)              scaled to size 8.09995pt on input line 42.
 [17]
Underfull \hbox (badness 10000) detected at line 81
[][][]
 []


Underfull \hbox (badness 10000) detected at line 86
[][][]
 []

[18] [19]) (./classCreditCardPaymentStrategy.tex <./classCreditCardPaymentStrat
egy__inherit__graph.pdf

pdfTeX warning: pdflatex (file ./classCreditCardPaymentStrategy__inherit__graph
.pdf): PDF inclusion: multiple pdfs with page group included in a single page
>
<classCreditCardPaymentStrategy__inherit__graph.pdf, id=3910, 232.87pt x 156.58
5pt>
File: classCreditCardPaymentStrategy__inherit__graph.pdf Graphic file (type pdf
)
<use classCreditCardPaymentStrategy__inherit__graph.pdf>
Package pdftex.def Info: classCreditCardPaymentStrategy__inherit__graph.pdf  us
ed on input line 19.
(pdftex.def)             Requested size: 232.0pt x 156.0064pt.
 <./classCreditCardPaymentStrategy__coll__graph.pdf

pdfTeX warning: pdflatex (file ./classCreditCardPaymentStrategy__coll__graph.pd
f): PDF inclusion: multiple pdfs with page group included in a single page
>
<classCreditCardPaymentStrategy__coll__graph.pdf, id=3918, 232.87pt x 156.585pt
>
File: classCreditCardPaymentStrategy__coll__graph.pdf Graphic file (type pdf)
<use classCreditCardPaymentStrategy__coll__graph.pdf>
Package pdftex.def Info: classCreditCardPaymentStrategy__coll__graph.pdf  used 
on input line 29.
(pdftex.def)             Requested size: 232.0pt x 156.0064pt.
 [20]
Underfull \hbox (badness 10000) detected at line 77
[][][]
 []

[21]) (./classCustomer.tex [22]
Underfull \hbox (badness 10000) detected at line 67
[][][]
 []

[23]) (./classDecorativePot.tex <./classDecorativePot__inherit__graph.pdf

pdfTeX warning: pdflatex (file ./classDecorativePot__inherit__graph.pdf): PDF i
nclusion: multiple pdfs with page group included in a single page
>
<classDecorativePot__inherit__graph.pdf, id=3991, 169.63374pt x 212.795pt>
File: classDecorativePot__inherit__graph.pdf Graphic file (type pdf)
<use classDecorativePot__inherit__graph.pdf>
Package pdftex.def Info: classDecorativePot__inherit__graph.pdf  used on input 
line 19.
(pdftex.def)             Requested size: 169.0pt x 212.00868pt.
 [24] <./classDecorativePot__coll__graph.pdf

pdfTeX warning: pdflatex (file ./classDecorativePot__coll__graph.pdf): PDF incl
usion: multiple pdfs with page group included in a single page
>
<classDecorativePot__coll__graph.pdf, id=4005, 540.0175pt x 224.84pt>
File: classDecorativePot__coll__graph.pdf Graphic file (type pdf)
<use classDecorativePot__coll__graph.pdf>
Package pdftex.def Info: classDecorativePot__coll__graph.pdf  used on input lin
e 29.
(pdftex.def)             Requested size: 350.0pt x 145.72914pt.
 [25]
Underfull \hbox (badness 10000) detected at line 78
[][][]
 []


Underfull \hbox (badness 10000) detected at line 95
[][][]
 []

) (./classDistressedState.tex <./classDistressedState__inherit__graph.pdf>
<classDistressedState__inherit__graph.pdf, id=4045, 174.6525pt x 156.585pt>
File: classDistressedState__inherit__graph.pdf Graphic file (type pdf)
<use classDistressedState__inherit__graph.pdf>
Package pdftex.def Info: classDistressedState__inherit__graph.pdf  used on inpu
t line 19.
(pdftex.def)             Requested size: 174.0pt x 156.00879pt.

[26] <./classDistressedState__coll__graph.pdf

pdfTeX warning: pdflatex (file ./classDistressedState__coll__graph.pdf): PDF in
clusion: multiple pdfs with page group included in a single page
>
<classDistressedState__coll__graph.pdf, id=4060, 174.6525pt x 156.585pt>
File: classDistressedState__coll__graph.pdf Graphic file (type pdf)
<use classDistressedState__coll__graph.pdf>
Package pdftex.def Info: classDistressedState__coll__graph.pdf  used on input l
ine 29.
(pdftex.def)             Requested size: 174.0pt x 156.00879pt.
 [27]
Underfull \hbox (badness 10000) detected at line 84
[][][]
 []

[28]
Underfull \hbox (badness 10000) detected at line 108
[][][]
 []


Underfull \hbox (badness 10000) detected at line 125
[][][]
 []

) (./classEFTPaymentStrategy.tex <./classEFTPaymentStrategy__inherit__graph.pdf


pdfTeX warning: pdflatex (file ./classEFTPaymentStrategy__inherit__graph.pdf): 
PDF inclusion: multiple pdfs with page group included in a single page
>
<classEFTPaymentStrategy__inherit__graph.pdf, id=4108, 198.7425pt x 156.585pt>
File: classEFTPaymentStrategy__inherit__graph.pdf Graphic file (type pdf)
<use classEFTPaymentStrategy__inherit__graph.pdf>
Package pdftex.def Info: classEFTPaymentStrategy__inherit__graph.pdf  used on i
nput line 19.
(pdftex.def)             Requested size: 198.0pt x 156.004pt.
 <./classEFTPaymentStrategy__coll__graph.pdf

pdfTeX warning: pdflatex (file ./classEFTPaymentStrategy__coll__graph.pdf): PDF
 inclusion: multiple pdfs with page group included in a single page
>
<classEFTPaymentStrategy__coll__graph.pdf, id=4116, 198.7425pt x 156.585pt>
File: classEFTPaymentStrategy__coll__graph.pdf Graphic file (type pdf)
<use classEFTPaymentStrategy__coll__graph.pdf>
Package pdftex.def Info: classEFTPaymentStrategy__coll__graph.pdf  used on inpu
t line 29.
(pdftex.def)             Requested size: 198.0pt x 156.004pt.
 [29] [30]
Underfull \hbox (badness 10000) detected at line 77
[][][]
 []

) (./classEmployeeFactory.tex <./classEmployeeFactory__inherit__graph.pdf>
<classEmployeeFactory__inherit__graph.pdf, id=4153, 181.67876pt x 156.585pt>
File: classEmployeeFactory__inherit__graph.pdf Graphic file (type pdf)
<use classEmployeeFactory__inherit__graph.pdf>
Package pdftex.def Info: classEmployeeFactory__inherit__graph.pdf  used on inpu
t line 19.
(pdftex.def)             Requested size: 181.0pt x 156.004pt.

[31] <./classEmployeeFactory__coll__graph.pdf

pdfTeX warning: pdflatex (file ./classEmployeeFactory__coll__graph.pdf): PDF in
clusion: multiple pdfs with page group included in a single page
>
<classEmployeeFactory__coll__graph.pdf, id=4174, 181.67876pt x 156.585pt>
File: classEmployeeFactory__coll__graph.pdf Graphic file (type pdf)
<use classEmployeeFactory__coll__graph.pdf>
Package pdftex.def Info: classEmployeeFactory__coll__graph.pdf  used on input l
ine 29.
(pdftex.def)             Requested size: 181.0pt x 156.004pt.
 [32]
Underfull \hbox (badness 10000) detected at line 66
[][][]
 []


Underfull \hbox (badness 10000) detected at line 88
[][][]
 []

) (./classEWalletPaymentStrategy.tex <./classEWalletPaymentStrategy__inherit__g
raph.pdf>
<classEWalletPaymentStrategy__inherit__graph.pdf, id=4218, 217.81375pt x 156.58
5pt>
File: classEWalletPaymentStrategy__inherit__graph.pdf Graphic file (type pdf)
<use classEWalletPaymentStrategy__inherit__graph.pdf>
Package pdftex.def Info: classEWalletPaymentStrategy__inherit__graph.pdf  used 
on input line 19.
(pdftex.def)             Requested size: 217.0pt x 155.99922pt.
 [33] <./classEWalletPaymentStrategy__coll__graph.pdf

pdfTeX warning: pdflatex (file ./classEWalletPaymentStrategy__coll__graph.pdf):
 PDF inclusion: multiple pdfs with page group included in a single page
>
<classEWalletPaymentStrategy__coll__graph.pdf, id=4234, 217.81375pt x 156.585pt
>
File: classEWalletPaymentStrategy__coll__graph.pdf Graphic file (type pdf)
<use classEWalletPaymentStrategy__coll__graph.pdf>
Package pdftex.def Info: classEWalletPaymentStrategy__coll__graph.pdf  used on 
input line 29.
(pdftex.def)             Requested size: 217.0pt x 155.99922pt.
 [34]
Underfull \hbox (badness 10000) detected at line 77
[][][]
 []

) (./classFertilizerStrategy.tex [35] <./classFertilizerStrategy__inherit__grap
h.pdf

pdfTeX warning: pdflatex (file ./classFertilizerStrategy__inherit__graph.pdf): 
PDF inclusion: multiple pdfs with page group included in a single page
>
<classFertilizerStrategy__inherit__graph.pdf, id=4268, 301.125pt x 156.585pt>
File: classFertilizerStrategy__inherit__graph.pdf Graphic file (type pdf)
<use classFertilizerStrategy__inherit__graph.pdf>
Package pdftex.def Info: classFertilizerStrategy__inherit__graph.pdf  used on i
nput line 19.
(pdftex.def)             Requested size: 300.0pt x 156.01357pt.
 <./classFertilizerStrategy__coll__graph.pdf

pdfTeX warning: pdflatex (file ./classFertilizerStrategy__coll__graph.pdf): PDF
 inclusion: multiple pdfs with page group included in a single page
>
<classFertilizerStrategy__coll__graph.pdf, id=4276, 245.91875pt x 234.8775pt>
File: classFertilizerStrategy__coll__graph.pdf Graphic file (type pdf)
<use classFertilizerStrategy__coll__graph.pdf>
Package pdftex.def Info: classFertilizerStrategy__coll__graph.pdf  used on inpu
t line 29.
(pdftex.def)             Requested size: 245.0pt x 234.0096pt.
 [36]
Underfull \hbox (badness 10000) detected at line 79
[][][]
 []

) (./classFloorEmployee.tex [37] <./classFloorEmployee__inherit__graph.pdf

pdfTeX warning: pdflatex (file ./classFloorEmployee__inherit__graph.pdf): PDF i
nclusion: multiple pdfs with page group included in a single page
>
<classFloorEmployee__inherit__graph.pdf, id=4318, 186.6975pt x 269.005pt>
File: classFloorEmployee__inherit__graph.pdf Graphic file (type pdf)
<use classFloorEmployee__inherit__graph.pdf>
Package pdftex.def Info: classFloorEmployee__inherit__graph.pdf  used on input 
line 19.
(pdftex.def)             Requested size: 186.0pt x 268.01099pt.
 <./classFloorEmployee__coll__graph.pdf

pdfTeX warning: pdflatex (file ./classFloorEmployee__coll__graph.pdf): PDF incl
usion: multiple pdfs with page group included in a single page
>
<classFloorEmployee__coll__graph.pdf, id=4333, 186.6975pt x 269.005pt>
File: classFloorEmployee__coll__graph.pdf Graphic file (type pdf)
<use classFloorEmployee__coll__graph.pdf>
Package pdftex.def Info: classFloorEmployee__coll__graph.pdf  used on input lin
e 29.
(pdftex.def)             Requested size: 186.0pt x 268.01099pt.
 [38] [39]
Underfull \hbox (badness 10000) detected at line 106
[][][]
 []

) (./classFloorManager.tex [40] <./classFloorManager__inherit__graph.pdf

pdfTeX warning: pdflatex (file ./classFloorManager__inherit__graph.pdf): PDF in
clusion: multiple pdfs with page group included in a single page
>
<classFloorManager__inherit__graph.pdf, id=4394, 186.6975pt x 269.005pt>
File: classFloorManager__inherit__graph.pdf Graphic file (type pdf)
<use classFloorManager__inherit__graph.pdf>
Package pdftex.def Info: classFloorManager__inherit__graph.pdf  used on input l
ine 19.
(pdftex.def)             Requested size: 186.0pt x 268.01099pt.
 <./classFloorManager__coll__graph.pdf

pdfTeX warning: pdflatex (file ./classFloorManager__coll__graph.pdf): PDF inclu
sion: multiple pdfs with page group included in a single page
>
<classFloorManager__coll__graph.pdf, id=4409, 186.6975pt x 269.005pt>
File: classFloorManager__coll__graph.pdf Graphic file (type pdf)
<use classFloorManager__coll__graph.pdf>
Package pdftex.def Info: classFloorManager__coll__graph.pdf  used on input line
 29.
(pdftex.def)             Requested size: 186.0pt x 268.01099pt.
 [41] [42]
Underfull \hbox (badness 10000) detected at line 106
[][][]
 []

) (./classFloorStaff.tex <./classFloorStaff__inherit__graph.pdf

pdfTeX warning: pdflatex (file ./classFloorStaff__inherit__graph.pdf): PDF incl
usion: multiple pdfs with page group included in a single page
>
<classFloorStaff__inherit__graph.pdf, id=4460, 273.02pt x 269.005pt>
File: classFloorStaff__inherit__graph.pdf Graphic file (type pdf)
<use classFloorStaff__inherit__graph.pdf>
Package pdftex.def Info: classFloorStaff__inherit__graph.pdf  used on input lin
e 19.
(pdftex.def)             Requested size: 272.0pt x 268.01509pt.
 [43] <./classFloorStaff__coll__graph.pdf

pdfTeX warning: pdflatex (file ./classFloorStaff__coll__graph.pdf): PDF inclusi
on: multiple pdfs with page group included in a single page
>
<classFloorStaff__coll__graph.pdf, id=4483, 186.6975pt x 212.795pt>
File: classFloorStaff__coll__graph.pdf Graphic file (type pdf)
<use classFloorStaff__coll__graph.pdf>
Package pdftex.def Info: classFloorStaff__coll__graph.pdf  used on input line 2
9.
(pdftex.def)             Requested size: 186.0pt x 212.00868pt.
 [44] [45]
Underfull \hbox (badness 10000) detected at line 129
[][][]
 []

) (./classFlowerFactory.tex <./classFlowerFactory__inherit__graph.pdf

pdfTeX warning: pdflatex (file ./classFlowerFactory__inherit__graph.pdf): PDF i
nclusion: multiple pdfs with page group included in a single page
>
<classFlowerFactory__inherit__graph.pdf, id=4556, 165.61874pt x 156.585pt>
File: classFlowerFactory__inherit__graph.pdf Graphic file (type pdf)
<use classFlowerFactory__inherit__graph.pdf>
Package pdftex.def Info: classFlowerFactory__inherit__graph.pdf  used on input 
line 19.
(pdftex.def)             Requested size: 165.0pt x 156.0064pt.
 [46] <./classFlowerFactory__coll__graph.pdf

pdfTeX warning: pdflatex (file ./classFlowerFactory__coll__graph.pdf): PDF incl
usion: multiple pdfs with page group included in a single page
>
<classFlowerFactory__coll__graph.pdf, id=4570, 165.61874pt x 156.585pt>
File: classFlowerFactory__coll__graph.pdf Graphic file (type pdf)
<use classFlowerFactory__coll__graph.pdf>
Package pdftex.def Info: classFlowerFactory__coll__graph.pdf  used on input lin
e 29.
(pdftex.def)             Requested size: 165.0pt x 156.0064pt.
 [47]
Underfull \hbox (badness 10000) detected at line 62
[][][]
 []

) (./classFullSunStrategy.tex <./classFullSunStrategy__inherit__graph.pdf>
<classFullSunStrategy__inherit__graph.pdf, id=4596, 178.6675pt x 156.585pt>
File: classFullSunStrategy__inherit__graph.pdf Graphic file (type pdf)
<use classFullSunStrategy__inherit__graph.pdf>
Package pdftex.def Info: classFullSunStrategy__inherit__graph.pdf  used on inpu
t line 19.
(pdftex.def)             Requested size: 178.0pt x 156.00879pt.
 <./classFullSunStrategy__coll__graph.pdf

pdfTeX warning: pdflatex (file ./classFullSunStrategy__coll__graph.pdf): PDF in
clusion: multiple pdfs with page group included in a single page
>
<classFullSunStrategy__coll__graph.pdf, id=4604, 347.2975pt x 234.8775pt>
File: classFullSunStrategy__coll__graph.pdf Graphic file (type pdf)
<use classFullSunStrategy__coll__graph.pdf>
Package pdftex.def Info: classFullSunStrategy__coll__graph.pdf  used on input l
ine 29.
(pdftex.def)             Requested size: 346.0pt x 234.0096pt.
 [48] [49]
Underfull \hbox (badness 10000) detected at line 63
[][][]
 []


Underfull \hbox (badness 10000) detected at line 66
[][][]
 []


Underfull \hbox (badness 10000) detected at line 83
[][][]
 []

) (./classGiftWrap.tex <./classGiftWrap__inherit__graph.pdf>
<classGiftWrap__inherit__graph.pdf, id=4645, 169.63374pt x 212.795pt>
File: classGiftWrap__inherit__graph.pdf Graphic file (type pdf)
<use classGiftWrap__inherit__graph.pdf>
Package pdftex.def Info: classGiftWrap__inherit__graph.pdf  used on input line 
19.
(pdftex.def)             Requested size: 169.0pt x 212.00868pt.
 <./classGiftWrap__coll__graph.pdf

pdfTeX warning: pdflatex (file ./classGiftWrap__coll__graph.pdf): PDF inclusion
: multiple pdfs with page group included in a single page
>
<classGiftWrap__coll__graph.pdf, id=4653, 540.0175pt x 224.84pt>
File: classGiftWrap__coll__graph.pdf Graphic file (type pdf)
<use classGiftWrap__coll__graph.pdf>
Package pdftex.def Info: classGiftWrap__coll__graph.pdf  used on input line 29.

(pdftex.def)             Requested size: 350.0pt x 145.72914pt.
 [50] [51]
Underfull \hbox (badness 10000) detected at line 78
[][][]
 []


Underfull \hbox (badness 10000) detected at line 95
[][][]
 []

) (./classGreenhouseUnitTest.tex [52]) (./classHighWaterStrategy.tex <./classHi
ghWaterStrategy__inherit__graph.pdf

pdfTeX warning: pdflatex (file ./classHighWaterStrategy__inherit__graph.pdf): P
DF inclusion: multiple pdfs with page group included in a single page
>
<classHighWaterStrategy__inherit__graph.pdf, id=4704, 189.70876pt x 156.585pt>
File: classHighWaterStrategy__inherit__graph.pdf Graphic file (type pdf)
<use classHighWaterStrategy__inherit__graph.pdf>
Package pdftex.def Info: classHighWaterStrategy__inherit__graph.pdf  used on in
put line 19.
(pdftex.def)             Requested size: 189.0pt x 156.004pt.
 <./classHighWaterStrategy__coll__graph.pdf

pdfTeX warning: pdflatex (file ./classHighWaterStrategy__coll__graph.pdf): PDF 
inclusion: multiple pdfs with page group included in a single page
>
<classHighWaterStrategy__coll__graph.pdf, id=4712, 569.12625pt x 224.84pt>
File: classHighWaterStrategy__coll__graph.pdf Graphic file (type pdf)
<use classHighWaterStrategy__coll__graph.pdf>
Package pdftex.def Info: classHighWaterStrategy__coll__graph.pdf  used on input
 line 29.
(pdftex.def)             Requested size: 350.0pt x 138.27748pt.
 [53]
Underfull \hbox (badness 10000) detected at line 77
[][][]
 []

) (./classInorganicFertilizer.tex [54] <./classInorganicFertilizer__inherit__gr
aph.pdf

pdfTeX warning: pdflatex (file ./classInorganicFertilizer__inherit__graph.pdf):
 PDF inclusion: multiple pdfs with page group included in a single page
>
<classInorganicFertilizer__inherit__graph.pdf, id=4747, 184.69pt x 156.585pt>
File: classInorganicFertilizer__inherit__graph.pdf Graphic file (type pdf)
<use classInorganicFertilizer__inherit__graph.pdf>
Package pdftex.def Info: classInorganicFertilizer__inherit__graph.pdf  used on 
input line 19.
(pdftex.def)             Requested size: 184.0pt x 156.00162pt.
 <./classInorganicFertilizer__coll__graph.pdf

pdfTeX warning: pdflatex (file ./classInorganicFertilizer__coll__graph.pdf): PD
F inclusion: multiple pdfs with page group included in a single page
>
<classInorganicFertilizer__coll__graph.pdf, id=4755, 354.32375pt x 234.8775pt>
File: classInorganicFertilizer__coll__graph.pdf Graphic file (type pdf)
<use classInorganicFertilizer__coll__graph.pdf>
Package pdftex.def Info: classInorganicFertilizer__coll__graph.pdf  used on inp
ut line 29.
(pdftex.def)             Requested size: 350.0pt x 232.01694pt.
 [55]
Underfull \hbox (badness 10000) detected at line 77
[][][]
 []

) (./classInventoryObserver.tex <./classInventoryObserver__inherit__graph.pdf>
<classInventoryObserver__inherit__graph.pdf, id=4779, 295.1025pt x 156.585pt>
File: classInventoryObserver__inherit__graph.pdf Graphic file (type pdf)
<use classInventoryObserver__inherit__graph.pdf>
Package pdftex.def Info: classInventoryObserver__inherit__graph.pdf  used on in
put line 19.
(pdftex.def)             Requested size: 294.0pt x 156.004pt.

[56] <./classInventoryObserver__coll__graph.pdf

pdfTeX warning: pdflatex (file ./classInventoryObserver__coll__graph.pdf): PDF 
inclusion: multiple pdfs with page group included in a single page
>
<classInventoryObserver__coll__graph.pdf, id=4800, 187.70125pt x 167.62625pt>
File: classInventoryObserver__coll__graph.pdf Graphic file (type pdf)
<use classInventoryObserver__coll__graph.pdf>
Package pdftex.def Info: classInventoryObserver__coll__graph.pdf  used on input
 line 29.
(pdftex.def)             Requested size: 187.0pt x 167.0094pt.
 [57]) (./classInventoryProxy.tex [58] [59]
Underfull \hbox (badness 10000) detected at line 84
[][][]
 []

) (./classItemQueryBuilder.tex <./classItemQueryBuilder__inherit__graph.pdf

pdfTeX warning: pdflatex (file ./classItemQueryBuilder__inherit__graph.pdf): PD
F inclusion: multiple pdfs with page group included in a single page
>
<classItemQueryBuilder__inherit__graph.pdf, id=4872, 183.68625pt x 156.585pt>
File: classItemQueryBuilder__inherit__graph.pdf Graphic file (type pdf)
<use classItemQueryBuilder__inherit__graph.pdf>
Package pdftex.def Info: classItemQueryBuilder__inherit__graph.pdf  used on inp
ut line 19.
(pdftex.def)             Requested size: 183.0pt x 156.01117pt.
 <./classItemQueryBuilder__coll__graph.pdf

pdfTeX warning: pdflatex (file ./classItemQueryBuilder__coll__graph.pdf): PDF i
nclusion: multiple pdfs with page group included in a single page
>
<classItemQueryBuilder__coll__graph.pdf, id=4880, 528.97626pt x 224.84pt>
File: classItemQueryBuilder__coll__graph.pdf Graphic file (type pdf)
<use classItemQueryBuilder__coll__graph.pdf>
Package pdftex.def Info: classItemQueryBuilder__coll__graph.pdf  used on input 
line 29.
(pdftex.def)             Requested size: 350.0pt x 148.76538pt.
 [60] [61]) (./classLifeCycleObserver.tex <./classLifeCycleObserver__inherit__g
raph.pdf>
<classLifeCycleObserver__inherit__graph.pdf, id=4926, 487.8225pt x 269.005pt>
File: classLifeCycleObserver__inherit__graph.pdf Graphic file (type pdf)
<use classLifeCycleObserver__inherit__graph.pdf>
Package pdftex.def Info: classLifeCycleObserver__inherit__graph.pdf  used on in
put line 19.
(pdftex.def)             Requested size: 350.0pt x 193.00616pt.
 [62] [63]) (./classLowWaterStrategy.tex <./classLowWaterStrategy__inherit__gra
ph.pdf>
<classLowWaterStrategy__inherit__graph.pdf, id=4965, 186.6975pt x 156.585pt>
File: classLowWaterStrategy__inherit__graph.pdf Graphic file (type pdf)
<use classLowWaterStrategy__inherit__graph.pdf>
Package pdftex.def Info: classLowWaterStrategy__inherit__graph.pdf  used on inp
ut line 19.
(pdftex.def)             Requested size: 186.0pt x 156.0064pt.
 <./classLowWaterStrategy__coll__graph.pdf

pdfTeX warning: pdflatex (file ./classLowWaterStrategy__coll__graph.pdf): PDF i
nclusion: multiple pdfs with page group included in a single page
>
<classLowWaterStrategy__coll__graph.pdf, id=4973, 567.11874pt x 224.84pt>
File: classLowWaterStrategy__coll__graph.pdf Graphic file (type pdf)
<use classLowWaterStrategy__coll__graph.pdf>
Package pdftex.def Info: classLowWaterStrategy__coll__graph.pdf  used on input 
line 29.
(pdftex.def)             Requested size: 350.0pt x 138.76466pt.
 [64]
Underfull \hbox (badness 10000) detected at line 63
[][][]
 []


Underfull \hbox (badness 10000) detected at line 66
[][][]
 []


Underfull \hbox (badness 10000) detected at line 83
[][][]
 []

) (./classManagerFactory.tex <./classManagerfactory__inherit__graph.pdf>
<classManagerfactory__inherit__graph.pdf, id=4998, 174.6525pt x 156.585pt>
File: classManagerfactory__inherit__graph.pdf Graphic file (type pdf)
<use classManagerfactory__inherit__graph.pdf>
Package pdftex.def Info: classManagerfactory__inherit__graph.pdf  used on input
 line 10.
(pdftex.def)             Requested size: 174.0pt x 156.00879pt.

[65] <./classManagerfactory__coll__graph.pdf

pdfTeX warning: pdflatex (file ./classManagerfactory__coll__graph.pdf): PDF inc
lusion: multiple pdfs with page group included in a single page
>
<classManagerfactory__coll__graph.pdf, id=5019, 174.6525pt x 156.585pt>
File: classManagerfactory__coll__graph.pdf Graphic file (type pdf)
<use classManagerfactory__coll__graph.pdf>
Package pdftex.def Info: classManagerfactory__coll__graph.pdf  used on input li
ne 20.
(pdftex.def)             Requested size: 174.0pt x 156.00879pt.
 [66] [67]
Underfull \hbox (badness 10000) detected at line 54
[][][]
 []


Underfull \hbox (badness 10000) detected at line 76
[][][]
 []

) (./classManagerfactory.texpdfTeX warning (ext4): destination with the same id
entifier (name{classManagerfactory}) has been already used, duplicate ignored
<to be read again> 
                   \relax 
l.1 \hypertarget{classManagerfactory}{}
                                       \doxysection{Managerfactory Class Ref...
File: classManagerfactory__inherit__graph.pdf Graphic file (type pdf)
<use classManagerfactory__inherit__graph.pdf>
Package pdftex.def Info: classManagerfactory__inherit__graph.pdf  used on input
 line 10.
(pdftex.def)             Requested size: 174.0pt x 156.00879pt.
File: classManagerfactory__coll__graph.pdf Graphic file (type pdf)
<use classManagerfactory__coll__graph.pdf>
Package pdftex.def Info: classManagerfactory__coll__graph.pdf  used on input li
ne 20.
(pdftex.def)             Requested size: 174.0pt x 156.00879pt.
[68]pdfTeX warning (ext4): destination with the same identifier (name{classMana
gerfactory_a06cba8f66de5814738ff37049e2e9da7}) has been already used, duplicate
 ignored
<to be read again> 
                   \relax 
l.26 ...actory_a06cba8f66de5814738ff37049e2e9da7}}
                                                  pdfTeX warning (ext4): destin
ation with the same identifier (name{classManagerfactory_a6177cd6f24d4b18d67ab7
b1694758d26}) has been already used, duplicate ignored
<to be read again> 
                   \relax 
l.29 ...actory_a6177cd6f24d4b18d67ab7b1694758d26}}
                                                  pdfTeX warning (ext4): destin
ation with the same identifier (name{classManagerfactory_ae5cd18b21bd458fa87da4
8bb70bca752}) has been already used, duplicate ignored
<to be read again> 
                   \relax 
l.39 ...actory_ae5cd18b21bd458fa87da48bb70bca752}}
                                                  
Underfull \hbox (badness 10000) detected at line 54
[][][]
 []

pdfTeX warning (ext4): destination with the same identifier (name{classManagerf
actory_a90ffac28940f8ca1e1469ebb18a0384e}) has been already used, duplicate ign
ored
<to be read again> 
                   \relax 
l.61 ...actory_a90ffac28940f8ca1e1469ebb18a0384e}}
                                                   [69]
Underfull \hbox (badness 10000) detected at line 76
[][][]
 []

) (./classMatureState.tex <./classMatureState__inherit__graph.pdf>
<classMatureState__inherit__graph.pdf, id=5101, 157.58875pt x 156.585pt>
File: classMatureState__inherit__graph.pdf Graphic file (type pdf)
<use classMatureState__inherit__graph.pdf>
Package pdftex.def Info: classMatureState__inherit__graph.pdf  used on input li
ne 19.
(pdftex.def)             Requested size: 157.0pt x 156.00879pt.
 <./classMatureState__coll__graph.pdf

pdfTeX warning: pdflatex (file ./classMatureState__coll__graph.pdf): PDF inclus
ion: multiple pdfs with page group included in a single page
>
<classMatureState__coll__graph.pdf, id=5109, 157.58875pt x 156.585pt>
File: classMatureState__coll__graph.pdf Graphic file (type pdf)
<use classMatureState__coll__graph.pdf>
Package pdftex.def Info: classMatureState__coll__graph.pdf  used on input line 
29.
(pdftex.def)             Requested size: 157.0pt x 156.00879pt.
 [70] [71]
Underfull \hbox (badness 10000) detected at line 90
[][][]
 []


Underfull \hbox (badness 10000) detected at line 107
[][][]
 []

) (./classMediumWaterStrategy.tex <./classMediumWaterStrategy__inherit__graph.p
df>
<classMediumWaterStrategy__inherit__graph.pdf, id=5155, 206.7725pt x 156.585pt>

File: classMediumWaterStrategy__inherit__graph.pdf Graphic file (type pdf)
<use classMediumWaterStrategy__inherit__graph.pdf>
Package pdftex.def Info: classMediumWaterStrategy__inherit__graph.pdf  used on 
input line 19.
(pdftex.def)             Requested size: 206.0pt x 156.004pt.
 [72] <./classMediumWaterStrategy__coll__graph.pdf

pdfTeX warning: pdflatex (file ./classMediumWaterStrategy__coll__graph.pdf): PD
F inclusion: multiple pdfs with page group included in a single page
>
<classMediumWaterStrategy__coll__graph.pdf, id=5168, 577.15625pt x 224.84pt>
File: classMediumWaterStrategy__coll__graph.pdf Graphic file (type pdf)
<use classMediumWaterStrategy__coll__graph.pdf>
Package pdftex.def Info: classMediumWaterStrategy__coll__graph.pdf  used on inp
ut line 29.
(pdftex.def)             Requested size: 350.0pt x 136.35281pt.
 [73]
Underfull \hbox (badness 10000) detected at line 63
[][][]
 []


Underfull \hbox (badness 10000) detected at line 66
[][][]
 []


Underfull \hbox (badness 10000) detected at line 83
[][][]
 []

) (./classMiscQueryBuilder.tex <./classMiscQueryBuilder__inherit__graph.pdf>
<classMiscQueryBuilder__inherit__graph.pdf, id=5195, 183.68625pt x 156.585pt>
File: classMiscQueryBuilder__inherit__graph.pdf Graphic file (type pdf)
<use classMiscQueryBuilder__inherit__graph.pdf>
Package pdftex.def Info: classMiscQueryBuilder__inherit__graph.pdf  used on inp
ut line 19.
(pdftex.def)             Requested size: 183.0pt x 156.01117pt.

[74] <./classMiscQueryBuilder__coll__graph.pdf

pdfTeX warning: pdflatex (file ./classMiscQueryBuilder__coll__graph.pdf): PDF i
nclusion: multiple pdfs with page group included in a single page
>
<classMiscQueryBuilder__coll__graph.pdf, id=5208, 528.97626pt x 224.84pt>
File: classMiscQueryBuilder__coll__graph.pdf Graphic file (type pdf)
<use classMiscQueryBuilder__coll__graph.pdf>
Package pdftex.def Info: classMiscQueryBuilder__coll__graph.pdf  used on input 
line 29.
(pdftex.def)             Requested size: 350.0pt x 148.76538pt.
 [75]
Underfull \hbox (badness 10000) detected at line 50
[][][]
 []

[76]) (./classOak.tex <./classOak__inherit__graph.pdf

pdfTeX warning: pdflatex (file ./classOak__inherit__graph.pdf): PDF inclusion: 
multiple pdfs with page group included in a single page
>
<classOak__inherit__graph.pdf, id=5254, 121.45375pt x 156.585pt>
File: classOak__inherit__graph.pdf Graphic file (type pdf)
<use classOak__inherit__graph.pdf>
Package pdftex.def Info: classOak__inherit__graph.pdf  used on input line 19.
(pdftex.def)             Requested size: 121.0pt x 155.99922pt.
 <./classOak__coll__graph.pdf

pdfTeX warning: pdflatex (file ./classOak__coll__graph.pdf): PDF inclusion: mul
tiple pdfs with page group included in a single page
>
<classOak__coll__graph.pdf, id=5262, 478.78876pt x 167.62625pt>
File: classOak__coll__graph.pdf Graphic file (type pdf)
<use classOak__coll__graph.pdf>
Package pdftex.def Info: classOak__coll__graph.pdf  used on input line 29.
(pdftex.def)             Requested size: 350.0pt x 122.53749pt.
 [77]) (./classOrder.tex [78] [79]
Underfull \hbox (badness 10000) detected at line 87
[][][]
 []


Underfull \hbox (badness 10000) detected at line 100
[][][]
 []


Underfull \hbox (badness 10000) detected at line 113
[][][]
 []

) (./classOrganicFertilizer.tex [80] <./classOrganicFertilizer__inherit__graph.
pdf

pdfTeX warning: pdflatex (file ./classOrganicFertilizer__inherit__graph.pdf): P
DF inclusion: multiple pdfs with page group included in a single page
>
<classOrganicFertilizer__inherit__graph.pdf, id=5335, 181.67876pt x 156.585pt>
File: classOrganicFertilizer__inherit__graph.pdf Graphic file (type pdf)
<use classOrganicFertilizer__inherit__graph.pdf>
Package pdftex.def Info: classOrganicFertilizer__inherit__graph.pdf  used on in
put line 19.
(pdftex.def)             Requested size: 181.0pt x 156.004pt.
 <./classOrganicFertilizer__coll__graph.pdf

pdfTeX warning: pdflatex (file ./classOrganicFertilizer__coll__graph.pdf): PDF 
inclusion: multiple pdfs with page group included in a single page
>
<classOrganicFertilizer__coll__graph.pdf, id=5343, 349.305pt x 234.8775pt>
File: classOrganicFertilizer__coll__graph.pdf Graphic file (type pdf)
<use classOrganicFertilizer__coll__graph.pdf>
Package pdftex.def Info: classOrganicFertilizer__coll__graph.pdf  used on input
 line 29.
(pdftex.def)             Requested size: 348.0pt x 234.01318pt.
 [81]
Underfull \hbox (badness 10000) detected at line 77
[][][]
 []

) (./classPartialSunStrategy.tex <./classPartialSunStrategy__inherit__graph.pdf
>
<classPartialSunStrategy__inherit__graph.pdf, id=5366, 187.70125pt x 156.585pt>

File: classPartialSunStrategy__inherit__graph.pdf Graphic file (type pdf)
<use classPartialSunStrategy__inherit__graph.pdf>
Package pdftex.def Info: classPartialSunStrategy__inherit__graph.pdf  used on i
nput line 19.
(pdftex.def)             Requested size: 187.0pt x 156.00879pt.
 [82] <./classPartialSunStrategy__coll__graph.pdf

pdfTeX warning: pdflatex (file ./classPartialSunStrategy__coll__graph.pdf): PDF
 inclusion: multiple pdfs with page group included in a single page
>
<classPartialSunStrategy__coll__graph.pdf, id=5380, 358.33875pt x 234.8775pt>
File: classPartialSunStrategy__coll__graph.pdf Graphic file (type pdf)
<use classPartialSunStrategy__coll__graph.pdf>
Package pdftex.def Info: classPartialSunStrategy__coll__graph.pdf  used on inpu
t line 29.
(pdftex.def)             Requested size: 350.0pt x 229.42575pt.
 [83]
Underfull \hbox (badness 10000) detected at line 77
[][][]
 []

) (./classPaymentStrategy.tex <./classPaymentStrategy__inherit__graph.pdf>
<classPaymentStrategy__inherit__graph.pdf, id=5405, 525.965pt x 156.585pt>
File: classPaymentStrategy__inherit__graph.pdf Graphic file (type pdf)
<use classPaymentStrategy__inherit__graph.pdf>
Package pdftex.def Info: classPaymentStrategy__inherit__graph.pdf  used on inpu
t line 19.
(pdftex.def)             Requested size: 350.0pt x 104.20178pt.

[84]
Underfull \hbox (badness 10000) detected at line 50
[][][]
 []

[85]) (./classPlant.tex <./classPlant__inherit__graph.pdf>
<classPlant__inherit__graph.pdf, id=5439, 428.60126pt x 212.795pt>
File: classPlant__inherit__graph.pdf Graphic file (type pdf)
<use classPlant__inherit__graph.pdf>
Package pdftex.def Info: classPlant__inherit__graph.pdf  used on input line 19.

(pdftex.def)             Requested size: 350.0pt x 173.77219pt.
 <./classPlant__coll__graph.pdf

pdfTeX warning: pdflatex (file ./classPlant__coll__graph.pdf): PDF inclusion: m
ultiple pdfs with page group included in a single page
>
<classPlant__coll__graph.pdf, id=5447, 418.56375pt x 167.62625pt>
File: classPlant__coll__graph.pdf Graphic file (type pdf)
<use classPlant__coll__graph.pdf>
Package pdftex.def Info: classPlant__coll__graph.pdf  used on input line 29.
(pdftex.def)             Requested size: 350.0pt x 140.16563pt.
 [86] [87]
Overfull \vbox (18.04622pt too high) has occurred while \output is active []


[88]
Underfull \hbox (badness 10000) detected at line 198
[][][]
 []


Underfull \hbox (badness 10000) detected at line 211
[][][]
 []

[89]
Underfull \hbox (badness 10000) detected at line 224
[][][]
 []


Underfull \hbox (badness 10000) detected at line 237
[][][]
 []


Underfull \hbox (badness 10000) detected at line 250
[][][]
 []


Underfull \hbox (badness 10000) detected at line 263
[][][]
 []


Underfull \hbox (badness 10000) detected at line 280
[][][]
 []

[90]
Underfull \hbox (badness 10000) detected at line 293
[][][]
 []


Underfull \hbox (badness 10000) detected at line 306
[][][]
 []


Underfull \hbox (badness 10000) detected at line 319
[][][]
 []


Underfull \hbox (badness 10000) detected at line 332
[][][]
 []

[91]
Underfull \hbox (badness 10000) detected at line 345
[][][]
 []


Underfull \hbox (badness 10000) detected at line 358
[][][]
 []


Underfull \hbox (badness 10000) detected at line 371
[][][]
 []


Underfull \hbox (badness 10000) detected at line 384
[][][]
 []

[92]
Underfull \hbox (badness 10000) detected at line 401
[][][]
 []


Overfull \vbox (9.56068pt too high) has occurred while \output is active []


[93]
Underfull \hbox (badness 10000) detected at line 434
[][][]
 []

[94] [95]) (./classPlantCareRoutine.tex <./classPlantCareRoutine__inherit__grap
h.pdf

pdfTeX warning: pdflatex (file ./classPlantCareRoutine__inherit__graph.pdf): PD
F inclusion: multiple pdfs with page group included in a single page
>
<classPlantCareRoutine__inherit__graph.pdf, id=5612, 352.31625pt x 156.585pt>
File: classPlantCareRoutine__inherit__graph.pdf Graphic file (type pdf)
<use classPlantCareRoutine__inherit__graph.pdf>
Package pdftex.def Info: classPlantCareRoutine__inherit__graph.pdf  used on inp
ut line 19.
(pdftex.def)             Requested size: 350.0pt x 155.55482pt.
 [96]
Underfull \hbox (badness 10000) detected at line 63
[][][]
 []

) (./classPlantDecorator.tex <./classPlantDecorator__inherit__graph.pdf>
<classPlantDecorator__inherit__graph.pdf, id=5649, 379.4175pt x 212.795pt>
File: classPlantDecorator__inherit__graph.pdf Graphic file (type pdf)
<use classPlantDecorator__inherit__graph.pdf>
Package pdftex.def Info: classPlantDecorator__inherit__graph.pdf  used on input
 line 19.
(pdftex.def)             Requested size: 350.0pt x 196.29977pt.

[97] <./classPlantDecorator__coll__graph.pdf

pdfTeX warning: pdflatex (file ./classPlantDecorator__coll__graph.pdf): PDF inc
lusion: multiple pdfs with page group included in a single page
>
<classPlantDecorator__coll__graph.pdf, id=5665, 540.0175pt x 167.62625pt>
File: classPlantDecorator__coll__graph.pdf Graphic file (type pdf)
<use classPlantDecorator__coll__graph.pdf>
Package pdftex.def Info: classPlantDecorator__coll__graph.pdf  used on input li
ne 29.
(pdftex.def)             Requested size: 350.0pt x 108.64627pt.
) (./classPlantFactory.tex [98] <./classPlantFactory__inherit__graph.pdf>
<classPlantFactory__inherit__graph.pdf, id=5693, 256.96pt x 156.585pt>
File: classPlantFactory__inherit__graph.pdf Graphic file (type pdf)
<use classPlantFactory__inherit__graph.pdf>
Package pdftex.def Info: classPlantFactory__inherit__graph.pdf  used on input l
ine 19.
(pdftex.def)             Requested size: 256.0pt x 156.01117pt.

[99]
Underfull \hbox (badness 10000) detected at line 50
[][][]
 []

) (./classPlantInventory.tex [100]
Underfull \hbox (badness 10000) detected at line 67
[][][]
 []


Underfull \hbox (badness 10000) detected at line 85
[][][]
 []

[101]
Underfull \hbox (badness 10000) detected at line 103
[][][]
 []


Underfull \hbox (badness 10000) detected at line 121
[][][]
 []


Underfull \hbox (badness 10000) detected at line 139
[][][]
 []

[102]
Underfull \hbox (badness 10000) detected at line 152
[][][]
 []


Underfull \hbox (badness 10000) detected at line 165
[][][]
 []


Underfull \hbox (badness 10000) detected at line 178
[][][]
 []

[103]
Underfull \hbox (badness 10000) detected at line 196
[][][]
 []


Underfull \hbox (badness 10000) detected at line 216
[][][]
 []

) (./classPlantLifeCycle.tex [104]) (./classPlantState.tex <./classPlantState__
inherit__graph.pdf

pdfTeX warning: pdflatex (file ./classPlantState__inherit__graph.pdf): PDF incl
usion: multiple pdfs with page group included in a single page
>
<classPlantState__inherit__graph.pdf, id=5839, 562.1pt x 156.585pt>
File: classPlantState__inherit__graph.pdf Graphic file (type pdf)
<use classPlantState__inherit__graph.pdf>
Package pdftex.def Info: classPlantState__inherit__graph.pdf  used on input lin
e 19.
(pdftex.def)             Requested size: 350.0pt x 97.49982pt.
 [105]
Underfull \hbox (badness 10000) detected at line 80
[][][]
 []


Underfull \hbox (badness 10000) detected at line 97
[][][]
 []

) (./classPlantStock.tex [106] [107] [108]
Underfull \hbox (badness 10000) detected at line 64
[][][]
 []


Underfull \hbox (badness 10000) detected at line 84
[][][]
 []

) (./classQuery.tex <./classQuery__coll__graph.pdf

pdfTeX warning: pdflatex (file ./classQuery__coll__graph.pdf): PDF inclusion: m
ultiple pdfs with page group included in a single page
>
<classQuery__coll__graph.pdf, id=5933, 499.8675pt x 167.62625pt>
File: classQuery__coll__graph.pdf Graphic file (type pdf)
<use classQuery__coll__graph.pdf>
Package pdftex.def Info: classQuery__coll__graph.pdf  used on input line 19.
(pdftex.def)             Requested size: 350.0pt x 117.37337pt.
 [109] [110]
Underfull \hbox (badness 10000) detected at line 82
[][][]
 []


Underfull \hbox (badness 10000) detected at line 95
[][][]
 []


Underfull \hbox (badness 10000) detected at line 108
[][][]
 []

) (./classRemoveStock.tex <./classRemoveStock__inherit__graph.pdf

pdfTeX warning: pdflatex (file ./classRemoveStock__inherit__graph.pdf): PDF inc
lusion: multiple pdfs with page group included in a single page
>
<classRemoveStock__inherit__graph.pdf, id=5990, 174.6525pt x 156.585pt>
File: classRemoveStock__inherit__graph.pdf Graphic file (type pdf)
<use classRemoveStock__inherit__graph.pdf>
Package pdftex.def Info: classRemoveStock__inherit__graph.pdf  used on input li
ne 19.
(pdftex.def)             Requested size: 174.0pt x 156.00879pt.
 <./classRemoveStock__coll__graph.pdf

pdfTeX warning: pdflatex (file ./classRemoveStock__coll__graph.pdf): PDF inclus
ion: multiple pdfs with page group included in a single page
>
<classRemoveStock__coll__graph.pdf, id=5998, 174.6525pt x 156.585pt>
File: classRemoveStock__coll__graph.pdf Graphic file (type pdf)
<use classRemoveStock__coll__graph.pdf>
Package pdftex.def Info: classRemoveStock__coll__graph.pdf  used on input line 
29.
(pdftex.def)             Requested size: 174.0pt x 156.00879pt.
 [111] [112]
Underfull \hbox (badness 10000) detected at line 77
[][][]
 []

) (./classRose.tex <./classRose__inherit__graph.pdf>
<classRose__inherit__graph.pdf, id=6034, 121.45375pt x 156.585pt>
File: classRose__inherit__graph.pdf Graphic file (type pdf)
<use classRose__inherit__graph.pdf>
Package pdftex.def Info: classRose__inherit__graph.pdf  used on input line 19.
(pdftex.def)             Requested size: 121.0pt x 155.99922pt.
 [113] <./classRose__coll__graph.pdf

pdfTeX warning: pdflatex (file ./classRose__coll__graph.pdf): PDF inclusion: mu
ltiple pdfs with page group included in a single page
>
<classRose__coll__graph.pdf, id=6048, 481.8pt x 167.62625pt>
File: classRose__coll__graph.pdf Graphic file (type pdf)
<use classRose__coll__graph.pdf>
Package pdftex.def Info: classRose__coll__graph.pdf  used on input line 29.
(pdftex.def)             Requested size: 350.0pt x 121.77272pt.
 [114]) (./classSalesEmployee.tex <./classSalesEmployee__inherit__graph.pdf>
<classSalesEmployee__inherit__graph.pdf, id=6077, 186.6975pt x 269.005pt>
File: classSalesEmployee__inherit__graph.pdf Graphic file (type pdf)
<use classSalesEmployee__inherit__graph.pdf>
Package pdftex.def Info: classSalesEmployee__inherit__graph.pdf  used on input 
line 19.
(pdftex.def)             Requested size: 186.0pt x 268.01099pt.
 <./classSalesEmployee__coll__graph.pdf

pdfTeX warning: pdflatex (file ./classSalesEmployee__coll__graph.pdf): PDF incl
usion: multiple pdfs with page group included in a single page
>
<classSalesEmployee__coll__graph.pdf, id=6092, 186.6975pt x 269.005pt>
File: classSalesEmployee__coll__graph.pdf Graphic file (type pdf)
<use classSalesEmployee__coll__graph.pdf>
Package pdftex.def Info: classSalesEmployee__coll__graph.pdf  used on input lin
e 29.
(pdftex.def)             Requested size: 186.0pt x 268.01099pt.
 [115] [116]
Underfull \hbox (badness 10000) detected at line 102
[][][]
 []

) (./classSalesFloorObserver.tex [117] <./classSalesFloorObserver__inherit__gra
ph.pdf

pdfTeX warning: pdflatex (file ./classSalesFloorObserver__inherit__graph.pdf): 
PDF inclusion: multiple pdfs with page group included in a single page
>
<classSalesFloorObserver__inherit__graph.pdf, id=6146, 192.72pt x 156.585pt>
File: classSalesFloorObserver__inherit__graph.pdf Graphic file (type pdf)
<use classSalesFloorObserver__inherit__graph.pdf>
Package pdftex.def Info: classSalesFloorObserver__inherit__graph.pdf  used on i
nput line 19.
(pdftex.def)             Requested size: 192.0pt x 155.99922pt.
 <./classSalesFloorObserver__coll__graph.pdf

pdfTeX warning: pdflatex (file ./classSalesFloorObserver__coll__graph.pdf): PDF
 inclusion: multiple pdfs with page group included in a single page
>
<classSalesFloorObserver__coll__graph.pdf, id=6154, 192.72pt x 224.84pt>
File: classSalesFloorObserver__coll__graph.pdf Graphic file (type pdf)
<use classSalesFloorObserver__coll__graph.pdf>
Package pdftex.def Info: classSalesFloorObserver__coll__graph.pdf  used on inpu
t line 29.
(pdftex.def)             Requested size: 192.0pt x 223.9989pt.
 [118] [119]
Underfull \hbox (badness 10000) in paragraph at lines 116--117
\T1/pcr/m/n/8 const std[]::vector$\OML/cmm/m/it/8 <$\T1/pcr/m/n/8 std[]::pair$\
OML/cmm/m/it/8 <$[]$\OMS/cmsy/m/n/8 ^^C$\T1/pcr/m/n/8 , int$\OML/cmm/m/it/8 >$ 
$>$\T1/pcr/m/n/8 & Sales[]Floor[]Observer[]::get[]Available[]Items ( ) const
 []


Underfull \hbox (badness 10000) detected at line 122
[][][]
 []


Underfull \hbox (badness 10000) detected at line 135
[][][]
 []

[120]
Underfull \hbox (badness 10000) detected at line 153
[][][]
 []


Underfull \hbox (badness 10000) detected at line 171
[][][]
 []

) (./classSalesManager.tex <./classSalesManager__inherit__graph.pdf

pdfTeX warning: pdflatex (file ./classSalesManager__inherit__graph.pdf): PDF in
clusion: multiple pdfs with page group included in a single page
>
<classSalesManager__inherit__graph.pdf, id=6229, 186.6975pt x 269.005pt>
File: classSalesManager__inherit__graph.pdf Graphic file (type pdf)
<use classSalesManager__inherit__graph.pdf>
Package pdftex.def Info: classSalesManager__inherit__graph.pdf  used on input l
ine 19.
(pdftex.def)             Requested size: 186.0pt x 268.01099pt.
 [121] <./classSalesManager__coll__graph.pdf

pdfTeX warning: pdflatex (file ./classSalesManager__coll__graph.pdf): PDF inclu
sion: multiple pdfs with page group included in a single page
>
<classSalesManager__coll__graph.pdf, id=6252, 186.6975pt x 269.005pt>
File: classSalesManager__coll__graph.pdf Graphic file (type pdf)
<use classSalesManager__coll__graph.pdf>
Package pdftex.def Info: classSalesManager__coll__graph.pdf  used on input line
 29.
(pdftex.def)             Requested size: 186.0pt x 268.01099pt.
 [122]
Underfull \hbox (badness 10000) detected at line 51
[][][]
 []

[123]
Underfull \hbox (badness 10000) detected at line 109
[][][]
 []

) (./classSalesStaff.tex <./classSalesStaff__inherit__graph.pdf

pdfTeX warning: pdflatex (file ./classSalesStaff__inherit__graph.pdf): PDF incl
usion: multiple pdfs with page group included in a single page
>
<classSalesStaff__inherit__graph.pdf, id=6295, 277.035pt x 269.005pt>
File: classSalesStaff__inherit__graph.pdf Graphic file (type pdf)
<use classSalesStaff__inherit__graph.pdf>
Package pdftex.def Info: classSalesStaff__inherit__graph.pdf  used on input lin
e 19.
(pdftex.def)             Requested size: 276.0pt x 268.00278pt.
 [124] <./classSalesStaff__coll__graph.pdf

pdfTeX warning: pdflatex (file ./classSalesStaff__coll__graph.pdf): PDF inclusi
on: multiple pdfs with page group included in a single page
>
<classSalesStaff__coll__graph.pdf, id=6316, 186.6975pt x 212.795pt>
File: classSalesStaff__coll__graph.pdf Graphic file (type pdf)
<use classSalesStaff__coll__graph.pdf>
Package pdftex.def Info: classSalesStaff__coll__graph.pdf  used on input line 2
9.
(pdftex.def)             Requested size: 186.0pt x 212.00868pt.
 [125]
Underfull \hbox (badness 10000) detected at line 53
[][][]
 []


Overfull \vbox (1.39848pt too high) has occurred while \output is active []


[126]
Underfull \hbox (badness 10000) detected at line 130
[][][]
 []

) (./classSeedlingState.tex <./classSeedlingState__inherit__graph.pdf

pdfTeX warning: pdflatex (file ./classSeedlingState__inherit__graph.pdf): PDF i
nclusion: multiple pdfs with page group included in a single page
>
<classSeedlingState__inherit__graph.pdf, id=6366, 164.615pt x 156.585pt>
File: classSeedlingState__inherit__graph.pdf Graphic file (type pdf)
<use classSeedlingState__inherit__graph.pdf>
Package pdftex.def Info: classSeedlingState__inherit__graph.pdf  used on input 
line 19.
(pdftex.def)             Requested size: 164.0pt x 156.004pt.
 [127] <./classSeedlingState__coll__graph.pdf

pdfTeX warning: pdflatex (file ./classSeedlingState__coll__graph.pdf): PDF incl
usion: multiple pdfs with page group included in a single page
>
<classSeedlingState__coll__graph.pdf, id=6382, 164.615pt x 156.585pt>
File: classSeedlingState__coll__graph.pdf Graphic file (type pdf)
<use classSeedlingState__coll__graph.pdf>
Package pdftex.def Info: classSeedlingState__coll__graph.pdf  used on input lin
e 29.
(pdftex.def)             Requested size: 164.0pt x 156.004pt.
 [128]
Underfull \hbox (badness 10000) detected at line 90
[][][]
 []


Underfull \hbox (badness 10000) detected at line 107
[][][]
 []

) (./classSeedState.tex [129] <./classSeedState__inherit__graph.pdf

pdfTeX warning: pdflatex (file ./classSeedState__inherit__graph.pdf): PDF inclu
sion: multiple pdfs with page group included in a single page
>
<classSeedState__inherit__graph.pdf, id=6423, 147.55125pt x 156.585pt>
File: classSeedState__inherit__graph.pdf Graphic file (type pdf)
<use classSeedState__inherit__graph.pdf>
Package pdftex.def Info: classSeedState__inherit__graph.pdf  used on input line
 19.
(pdftex.def)             Requested size: 147.0pt x 156.004pt.
 <./classSeedState__coll__graph.pdf

pdfTeX warning: pdflatex (file ./classSeedState__coll__graph.pdf): PDF inclusio
n: multiple pdfs with page group included in a single page
>
<classSeedState__coll__graph.pdf, id=6431, 147.55125pt x 156.585pt>
File: classSeedState__coll__graph.pdf Graphic file (type pdf)
<use classSeedState__coll__graph.pdf>
Package pdftex.def Info: classSeedState__coll__graph.pdf  used on input line 29
.
(pdftex.def)             Requested size: 147.0pt x 156.004pt.
 [130]
Underfull \hbox (badness 10000) detected at line 90
[][][]
 []

[131]
Underfull \hbox (badness 10000) detected at line 107
[][][]
 []

) (./classShade.tex <./classShade__inherit__graph.pdf

pdfTeX warning: pdflatex (file ./classShade__inherit__graph.pdf): PDF inclusion
: multiple pdfs with page group included in a single page
>
<classShade__inherit__graph.pdf, id=6473, 181.67876pt x 156.585pt>
File: classShade__inherit__graph.pdf Graphic file (type pdf)
<use classShade__inherit__graph.pdf>
Package pdftex.def Info: classShade__inherit__graph.pdf  used on input line 10.

(pdftex.def)             Requested size: 181.0pt x 156.004pt.
 <./classShade__coll__graph.pdf

pdfTeX warning: pdflatex (file ./classShade__coll__graph.pdf): PDF inclusion: m
ultiple pdfs with page group included in a single page
>
<classShade__coll__graph.pdf, id=6481, 181.67876pt x 156.585pt>
File: classShade__coll__graph.pdf Graphic file (type pdf)
<use classShade__coll__graph.pdf>
Package pdftex.def Info: classShade__coll__graph.pdf  used on input line 20.
(pdftex.def)             Requested size: 181.0pt x 156.004pt.
 [132]) (./classShadeStrategy.tex <./classShadeStrategy__inherit__graph.pdf>
<classShadeStrategy__inherit__graph.pdf, id=6510, 178.6675pt x 156.585pt>
File: classShadeStrategy__inherit__graph.pdf Graphic file (type pdf)
<use classShadeStrategy__inherit__graph.pdf>
Package pdftex.def Info: classShadeStrategy__inherit__graph.pdf  used on input 
line 19.
(pdftex.def)             Requested size: 178.0pt x 156.00879pt.
 <./classShadeStrategy__coll__graph.pdf

pdfTeX warning: pdflatex (file ./classShadeStrategy__coll__graph.pdf): PDF incl
usion: multiple pdfs with page group included in a single page
>
<classShadeStrategy__coll__graph.pdf, id=6518, 343.2825pt x 234.8775pt>
File: classShadeStrategy__coll__graph.pdf Graphic file (type pdf)
<use classShadeStrategy__coll__graph.pdf>
Package pdftex.def Info: classShadeStrategy__coll__graph.pdf  used on input lin
e 29.
(pdftex.def)             Requested size: 342.0pt x 233.99886pt.
 [133]
Underfull \hbox (badness 10000) detected at line 61
[][][]
 []


Underfull \hbox (badness 10000) detected at line 78
[][][]
 []

[134]) (./classSpecialArrangement.tex <./classSpecialArrangement__inherit__grap
h.pdf

pdfTeX warning: pdflatex (file ./classSpecialArrangement__inherit__graph.pdf): 
PDF inclusion: multiple pdfs with page group included in a single page
>
<classSpecialArrangement__inherit__graph.pdf, id=6552, 196.735pt x 212.795pt>
File: classSpecialArrangement__inherit__graph.pdf Graphic file (type pdf)
<use classSpecialArrangement__inherit__graph.pdf>
Package pdftex.def Info: classSpecialArrangement__inherit__graph.pdf  used on i
nput line 19.
(pdftex.def)             Requested size: 196.0pt x 211.99895pt.
 <./classSpecialArrangement__coll__graph.pdf

pdfTeX warning: pdflatex (file ./classSpecialArrangement__coll__graph.pdf): PDF
 inclusion: multiple pdfs with page group included in a single page
>
<classSpecialArrangement__coll__graph.pdf, id=6560, 553.06625pt x 224.84pt>
File: classSpecialArrangement__coll__graph.pdf Graphic file (type pdf)
<use classSpecialArrangement__coll__graph.pdf>
Package pdftex.def Info: classSpecialArrangement__coll__graph.pdf  used on inpu
t line 29.
(pdftex.def)             Requested size: 350.0pt x 142.28464pt.
 [135]) (./classStaff.tex <./classStaff__inherit__graph.pdf>
<classStaff__inherit__graph.pdf, id=6580, 487.8225pt x 269.005pt>
File: classStaff__inherit__graph.pdf Graphic file (type pdf)
<use classStaff__inherit__graph.pdf>
Package pdftex.def Info: classStaff__inherit__graph.pdf  used on input line 19.

(pdftex.def)             Requested size: 350.0pt x 193.00616pt.
 <./classStaff__coll__graph.pdf

pdfTeX warning: pdflatex (file ./classStaff__coll__graph.pdf): PDF inclusion: m
ultiple pdfs with page group included in a single page
>
<classStaff__coll__graph.pdf, id=6596, 186.6975pt x 156.585pt>
File: classStaff__coll__graph.pdf Graphic file (type pdf)
<use classStaff__coll__graph.pdf>
Package pdftex.def Info: classStaff__coll__graph.pdf  used on input line 29.
(pdftex.def)             Requested size: 186.0pt x 156.0064pt.
 [136] [137]
Underfull \hbox (badness 10000) detected at line 108
[][][]
 []


Underfull \hbox (badness 10000) detected at line 121
[][][]
 []

[138] [139]) (./classStaffFactory.tex [140] <./classStaffFactory__inherit__grap
h.pdf

pdfTeX warning: pdflatex (file ./classStaffFactory__inherit__graph.pdf): PDF in
clusion: multiple pdfs with page group included in a single page
>
<classStaffFactory__inherit__graph.pdf, id=6713, 295.1025pt x 156.585pt>
File: classStaffFactory__inherit__graph.pdf Graphic file (type pdf)
<use classStaffFactory__inherit__graph.pdf>
Package pdftex.def Info: classStaffFactory__inherit__graph.pdf  used on input l
ine 19.
(pdftex.def)             Requested size: 294.0pt x 156.004pt.
 [141]
Underfull \hbox (badness 10000) detected at line 58
[][][]
 []


Underfull \hbox (badness 10000) detected at line 80
[][][]
 []

) (./classStaffObserver.tex <./classStaffObserver__inherit__graph.pdf>
<classStaffObserver__inherit__graph.pdf, id=6752, 187.70125pt x 156.585pt>
File: classStaffObserver__inherit__graph.pdf Graphic file (type pdf)
<use classStaffObserver__inherit__graph.pdf>
Package pdftex.def Info: classStaffObserver__inherit__graph.pdf  used on input 
line 19.
(pdftex.def)             Requested size: 187.0pt x 156.00879pt.
 [142] <./classStaffObserver__coll__graph.pdf

pdfTeX warning: pdflatex (file ./classStaffObserver__coll__graph.pdf): PDF incl
usion: multiple pdfs with page group included in a single page
>
<classStaffObserver__coll__graph.pdf, id=6773, 187.70125pt x 224.84pt>
File: classStaffObserver__coll__graph.pdf Graphic file (type pdf)
<use classStaffObserver__coll__graph.pdf>
Package pdftex.def Info: classStaffObserver__coll__graph.pdf  used on input lin
e 29.
(pdftex.def)             Requested size: 187.0pt x 224.01262pt.
 [143]) (./classStockCommand.tex <./classStockCommand__inherit__graph.pdf>
<classStockCommand__inherit__graph.pdf, id=6806, 244.915pt x 156.585pt>
File: classStockCommand__inherit__graph.pdf Graphic file (type pdf)
<use classStockCommand__inherit__graph.pdf>
Package pdftex.def Info: classStockCommand__inherit__graph.pdf  used on input l
ine 19.
(pdftex.def)             Requested size: 244.0pt x 156.004pt.

[144]
Underfull \hbox (badness 10000) detected at line 60
[][][]
 []

) (./classSunlightStrategy.tex <./classSunlightStrategy__inherit__graph.pdf>
<classSunlightStrategy__inherit__graph.pdf, id=6828, 406.51875pt x 156.585pt>
File: classSunlightStrategy__inherit__graph.pdf Graphic file (type pdf)
<use classSunlightStrategy__inherit__graph.pdf>
Package pdftex.def Info: classSunlightStrategy__inherit__graph.pdf  used on inp
ut line 10.
(pdftex.def)             Requested size: 350.0pt x 134.82054pt.
 <./classSunlightStrategy__coll__graph.pdf

pdfTeX warning: pdflatex (file ./classSunlightStrategy__coll__graph.pdf): PDF i
nclusion: multiple pdfs with page group included in a single page
>
<classSunlightStrategy__coll__graph.pdf, id=6836, 246.9225pt x 234.8775pt>
File: classSunlightStrategy__coll__graph.pdf Graphic file (type pdf)
<use classSunlightStrategy__coll__graph.pdf>
Package pdftex.def Info: classSunlightStrategy__coll__graph.pdf  used on input 
line 20.
(pdftex.def)             Requested size: 246.0pt x 233.99886pt.
 [145] [146]
Underfull \hbox (badness 10000) detected at line 67
[][][]
 []

) (./classSunny.tex <./classSunny__inherit__graph.pdf>
<classSunny__inherit__graph.pdf, id=6873, 181.67876pt x 156.585pt>
File: classSunny__inherit__graph.pdf Graphic file (type pdf)
<use classSunny__inherit__graph.pdf>
Package pdftex.def Info: classSunny__inherit__graph.pdf  used on input line 19.

(pdftex.def)             Requested size: 181.0pt x 156.004pt.
 [147] <./classSunny__coll__graph.pdf

pdfTeX warning: pdflatex (file ./classSunny__coll__graph.pdf): PDF inclusion: m
ultiple pdfs with page group included in a single page
>
<classSunny__coll__graph.pdf, id=6886, 181.67876pt x 156.585pt>
File: classSunny__coll__graph.pdf Graphic file (type pdf)
<use classSunny__coll__graph.pdf>
Package pdftex.def Info: classSunny__coll__graph.pdf  used on input line 29.
(pdftex.def)             Requested size: 181.0pt x 156.004pt.
 [148] [149]) (./classTemperate.tex <./classTemperate__inherit__graph.pdf

pdfTeX warning: pdflatex (file ./classTemperate__inherit__graph.pdf): PDF inclu
sion: multiple pdfs with page group included in a single page
>
<classTemperate__inherit__graph.pdf, id=6931, 181.67876pt x 156.585pt>
File: classTemperate__inherit__graph.pdf Graphic file (type pdf)
<use classTemperate__inherit__graph.pdf>
Package pdftex.def Info: classTemperate__inherit__graph.pdf  used on input line
 19.
(pdftex.def)             Requested size: 181.0pt x 156.004pt.
 <./classTemperate__coll__graph.pdf

pdfTeX warning: pdflatex (file ./classTemperate__coll__graph.pdf): PDF inclusio
n: multiple pdfs with page group included in a single page
>
<classTemperate__coll__graph.pdf, id=6939, 181.67876pt x 156.585pt>
File: classTemperate__coll__graph.pdf Graphic file (type pdf)
<use classTemperate__coll__graph.pdf>
Package pdftex.def Info: classTemperate__coll__graph.pdf  used on input line 29
.
(pdftex.def)             Requested size: 181.0pt x 156.004pt.
 [150] [151]) (./classTransaction.tex [152] [153]
Underfull \hbox (badness 10000) detected at line 98
[][][]
 []


Underfull \hbox (badness 10000) detected at line 111
[][][]
 []


Underfull \hbox (badness 10000) detected at line 124
[][][]
 []


Underfull \hbox (badness 10000) detected at line 137
[][][]
 []

[154]
Underfull \hbox (badness 10000) detected at line 150
[][][]
 []


Underfull \hbox (badness 10000) detected at line 163
[][][]
 []


Underfull \hbox (badness 10000) detected at line 176
[][][]
 []

[155]) (./classTransactionHistory.tex [156]
Underfull \hbox (badness 10000) detected at line 54
[][][]
 []

[157]
Underfull \hbox (badness 10000) detected at line 72
[][][]
 []


Underfull \hbox (badness 10000) detected at line 75
[][][]
 []

) (./classTransactionSnapshot.tex [158]
Underfull \hbox (badness 10000) detected at line 67
[][][]
 []


Underfull \hbox (badness 10000) detected at line 80
[][][]
 []


Underfull \hbox (badness 10000) detected at line 93
[][][]
 []


Underfull \hbox (badness 10000) detected at line 106
[][][]
 []

) (./classTreeFactory.tex [159] <./classTreeFactory__inherit__graph.pdf

pdfTeX warning: pdflatex (file ./classTreeFactory__inherit__graph.pdf): PDF inc
lusion: multiple pdfs with page group included in a single page
>
<classTreeFactory__inherit__graph.pdf, id=7107, 157.58875pt x 156.585pt>
File: classTreeFactory__inherit__graph.pdf Graphic file (type pdf)
<use classTreeFactory__inherit__graph.pdf>
Package pdftex.def Info: classTreeFactory__inherit__graph.pdf  used on input li
ne 19.
(pdftex.def)             Requested size: 157.0pt x 156.00879pt.
 <./classTreeFactory__coll__graph.pdf

pdfTeX warning: pdflatex (file ./classTreeFactory__coll__graph.pdf): PDF inclus
ion: multiple pdfs with page group included in a single page
>
<classTreeFactory__coll__graph.pdf, id=7115, 157.58875pt x 156.585pt>
File: classTreeFactory__coll__graph.pdf Graphic file (type pdf)
<use classTreeFactory__coll__graph.pdf>
Package pdftex.def Info: classTreeFactory__coll__graph.pdf  used on input line 
29.
(pdftex.def)             Requested size: 157.0pt x 156.00879pt.
 [160]
Underfull \hbox (badness 10000) detected at line 62
[][][]
 []

) (./classTropical.tex <./classTropical__inherit__graph.pdf>
<classTropical__inherit__graph.pdf, id=7138, 181.67876pt x 156.585pt>
File: classTropical__inherit__graph.pdf Graphic file (type pdf)
<use classTropical__inherit__graph.pdf>
Package pdftex.def Info: classTropical__inherit__graph.pdf  used on input line 
19.
(pdftex.def)             Requested size: 181.0pt x 156.004pt.
 [161] <./classTropical__coll__graph.pdf

pdfTeX warning: pdflatex (file ./classTropical__coll__graph.pdf): PDF inclusion
: multiple pdfs with page group included in a single page
>
<classTropical__coll__graph.pdf, id=7152, 181.67876pt x 156.585pt>
File: classTropical__coll__graph.pdf Graphic file (type pdf)
<use classTropical__coll__graph.pdf>
Package pdftex.def Info: classTropical__coll__graph.pdf  used on input line 29.

(pdftex.def)             Requested size: 181.0pt x 156.004pt.
 [162] [163]) (./classWaterStrategy.tex <./classWaterStrategy__inherit__graph.p
df

pdfTeX warning: pdflatex (file ./classWaterStrategy__inherit__graph.pdf): PDF i
nclusion: multiple pdfs with page group included in a single page
>
<classWaterStrategy__inherit__graph.pdf, id=7199, 459.7175pt x 156.585pt>
File: classWaterStrategy__inherit__graph.pdf Graphic file (type pdf)
<use classWaterStrategy__inherit__graph.pdf>
Package pdftex.def Info: classWaterStrategy__inherit__graph.pdf  used on input 
line 19.
(pdftex.def)             Requested size: 350.0pt x 119.22086pt.
 <./classWaterStrategy__coll__graph.pdf

pdfTeX warning: pdflatex (file ./classWaterStrategy__coll__graph.pdf): PDF incl
usion: multiple pdfs with page group included in a single page
>
<classWaterStrategy__coll__graph.pdf, id=7207, 557.08125pt x 167.62625pt>
File: classWaterStrategy__coll__graph.pdf Graphic file (type pdf)
<use classWaterStrategy__coll__graph.pdf>
Package pdftex.def Info: classWaterStrategy__coll__graph.pdf  used on input lin
e 29.
(pdftex.def)             Requested size: 350.0pt x 105.31606pt.
 [164]
Underfull \hbox (badness 10000) detected at line 84
[][][]
 []

) (./classWitheredState.tex <./classWitheredState__inherit__graph.pdf>
<classWitheredState__inherit__graph.pdf, id=7237, 166.6225pt x 156.585pt>
File: classWitheredState__inherit__graph.pdf Graphic file (type pdf)
<use classWitheredState__inherit__graph.pdf>
Package pdftex.def Info: classWitheredState__inherit__graph.pdf  used on input 
line 19.
(pdftex.def)             Requested size: 166.0pt x 156.01117pt.
 [165] <./classWitheredState__coll__graph.pdf

pdfTeX warning: pdflatex (file ./classWitheredState__coll__graph.pdf): PDF incl
usion: multiple pdfs with page group included in a single page
>
<classWitheredState__coll__graph.pdf, id=7250, 166.6225pt x 156.585pt>
File: classWitheredState__coll__graph.pdf Graphic file (type pdf)
<use classWitheredState__coll__graph.pdf>
Package pdftex.def Info: classWitheredState__coll__graph.pdf  used on input lin
e 29.
(pdftex.def)             Requested size: 166.0pt x 156.01117pt.
 [166]
Underfull \hbox (badness 10000) detected at line 82
[][][]
 []

[167]
Underfull \hbox (badness 10000) detected at line 106
[][][]
 []


Underfull \hbox (badness 10000) detected at line 123
[][][]
 []

) [168]
Chapter 5.
(./AskQuery_8cpp.tex <./AskQuery_8cpp__incl.pdf

pdfTeX warning: pdflatex (file ./AskQuery_8cpp__incl.pdf): PDF inclusion: multi
ple pdfs with page group included in a single page
>
<AskQuery_8cpp__incl.pdf, id=7302, 928.46875pt x 662.475pt>
File: AskQuery_8cpp__incl.pdf Graphic file (type pdf)
<use AskQuery_8cpp__incl.pdf>
Package pdftex.def Info: AskQuery_8cpp__incl.pdf  used on input line 14.
(pdftex.def)             Requested size: 350.0pt x 249.73152pt.
) (./AskQuery_8h.tex <./AskQuery_8h__incl.pdf

pdfTeX warning: pdflatex (file ./AskQuery_8h__incl.pdf): PDF inclusion: multipl
e pdfs with page group included in a single page
>
<AskQuery_8h__incl.pdf, id=7322, 928.46875pt x 606.265pt>
File: AskQuery_8h__incl.pdf Graphic file (type pdf)
<use AskQuery_8h__incl.pdf>
Package pdftex.def Info: AskQuery_8h__incl.pdf  used on input line 20.
(pdftex.def)             Requested size: 350.0pt x 228.54218pt.
 [169

] <./AskQuery_8h__dep__incl.pdf>
<AskQuery_8h__dep__incl.pdf, id=7344, 163.61125pt x 156.585pt>
File: AskQuery_8h__dep__incl.pdf Graphic file (type pdf)
<use AskQuery_8h__dep__incl.pdf>
Package pdftex.def Info: AskQuery_8h__dep__incl.pdf  used on input line 28.
(pdftex.def)             Requested size: 163.0pt x 155.99922pt.
 [170]) (./Builder_8cpp.tex <./Builder_8cpp__incl.pdf>
<Builder_8cpp__incl.pdf, id=7368, 577.15625pt x 493.845pt>
File: Builder_8cpp__incl.pdf Graphic file (type pdf)
<use Builder_8cpp__incl.pdf>
Package pdftex.def Info: Builder_8cpp__incl.pdf  used on input line 15.
(pdftex.def)             Requested size: 350.0pt x 299.48924pt.
) (./Builder_8h.tex <./Builder_8h__incl.pdf

pdfTeX warning: pdflatex (file ./Builder_8h__incl.pdf): PDF inclusion: multiple
 pdfs with page group included in a single page
>
<Builder_8h__incl.pdf, id=7381, 477.785pt x 381.425pt>
File: Builder_8h__incl.pdf Graphic file (type pdf)
<use Builder_8h__incl.pdf>
Package pdftex.def Info: Builder_8h__incl.pdf  used on input line 15.
(pdftex.def)             Requested size: 350.0pt x 279.40988pt.
 [171] <./Builder_8h__dep__incl.pdf>
<Builder_8h__dep__incl.pdf, id=7395, 853.1875pt x 381.425pt>
File: Builder_8h__dep__incl.pdf Graphic file (type pdf)
<use Builder_8h__dep__incl.pdf>
Package pdftex.def Info: Builder_8h__dep__incl.pdf  used on input line 23.
(pdftex.def)             Requested size: 350.0pt x 156.47255pt.
 [172])
(./CreditCardPaymentStrategy_8h.tex <./CreditCardPaymentStrategy_8h__incl.pdf>
<CreditCardPaymentStrategy_8h__incl.pdf, id=7427, 266.9975pt x 212.795pt>
File: CreditCardPaymentStrategy_8h__incl.pdf Graphic file (type pdf)
<use CreditCardPaymentStrategy_8h__incl.pdf>
Package pdftex.def Info: CreditCardPaymentStrategy_8h__incl.pdf  used on input 
line 15.
(pdftex.def)             Requested size: 266.0pt x 212.02167pt.
) (./Customer_8h.tex <./Customer_8h__incl.pdf

pdfTeX warning: pdflatex (file ./Customer_8h__incl.pdf): PDF inclusion: multipl
e pdfs with page group included in a single page
>
<Customer_8h__incl.pdf, id=7438, 1097.09875pt x 493.845pt>
File: Customer_8h__incl.pdf Graphic file (type pdf)
<use Customer_8h__incl.pdf>
Package pdftex.def Info: Customer_8h__incl.pdf  used on input line 18.
(pdftex.def)             Requested size: 350.0pt x 157.54381pt.
 [173]) (./DecorativePot_8h.tex <./DecorativePot_8h__incl.pdf>
<DecorativePot_8h__incl.pdf, id=7464, 507.8975pt x 437.635pt>
File: DecorativePot_8h__incl.pdf Graphic file (type pdf)
<use DecorativePot_8h__incl.pdf>
Package pdftex.def Info: DecorativePot_8h__incl.pdf  used on input line 14.
(pdftex.def)             Requested size: 350.0pt x 301.58784pt.
 [174])
(./DistressedState_8h.tex <./DistressedState_8h__incl.pdf>
<DistressedState_8h__incl.pdf, id=7484, 547.04375pt x 437.635pt>
File: DistressedState_8h__incl.pdf Graphic file (type pdf)
<use DistressedState_8h__incl.pdf>
Package pdftex.def Info: DistressedState_8h__incl.pdf  used on input line 16.
(pdftex.def)             Requested size: 350.0pt x 280.00531pt.
 [175]
Underfull \hbox (badness 10000) detected at line 31
[][][]
 []

) (./EFTPaymentStrategy_8h.tex <./EFTPaymentStrategy_8h__incl.pdf>
<EFTPaymentStrategy_8h__incl.pdf, id=7505, 205.76875pt x 212.795pt>
File: EFTPaymentStrategy_8h__incl.pdf Graphic file (type pdf)
<use EFTPaymentStrategy_8h__incl.pdf>
Package pdftex.def Info: EFTPaymentStrategy_8h__incl.pdf  used on input line 14
.
(pdftex.def)             Requested size: 205.0pt x 212.0022pt.
 [176])
(./EmployeeFactory_8h.tex <./EmployeeFactory_8h__incl.pdf>
<EmployeeFactory_8h__incl.pdf, id=7523, 896.34875pt x 606.265pt>
File: EmployeeFactory_8h__incl.pdf Graphic file (type pdf)
<use EmployeeFactory_8h__incl.pdf>
Package pdftex.def Info: EmployeeFactory_8h__incl.pdf  used on input line 15.
(pdftex.def)             Requested size: 350.0pt x 236.72917pt.
 [177]
Underfull \hbox (badness 10000) detected at line 30
[][][]
 []

) (./EWalletPaymentStrategy_8h.tex <./EWalletPaymentStrategy_8h__incl.pdf>
<EWalletPaymentStrategy_8h__incl.pdf, id=7549, 225.84375pt x 212.795pt>
File: EWalletPaymentStrategy_8h__incl.pdf Graphic file (type pdf)
<use EWalletPaymentStrategy_8h__incl.pdf>
Package pdftex.def Info: EWalletPaymentStrategy_8h__incl.pdf  used on input lin
e 14.
(pdftex.def)             Requested size: 225.0pt x 212.01193pt.

[178]) (./FertilizerStrategy_8h.tex <./FertilizerStrategy_8h__incl.pdf>
<FertilizerStrategy_8h__incl.pdf, id=7566, 507.8975pt x 381.425pt>
File: FertilizerStrategy_8h__incl.pdf Graphic file (type pdf)
<use FertilizerStrategy_8h__incl.pdf>
Package pdftex.def Info: FertilizerStrategy_8h__incl.pdf  used on input line 14
.
(pdftex.def)             Requested size: 350.0pt x 262.85178pt.

[179] <./FertilizerStrategy_8h__dep__incl.pdf>
<FertilizerStrategy_8h__dep__incl.pdf, id=7581, 641.39626pt x 156.585pt>
File: FertilizerStrategy_8h__dep__incl.pdf Graphic file (type pdf)
<use FertilizerStrategy_8h__dep__incl.pdf>
Package pdftex.def Info: FertilizerStrategy_8h__dep__incl.pdf  used on input li
ne 22.
(pdftex.def)             Requested size: 350.0pt x 85.44823pt.
) (./FloorEmployee_8h.tex <./FloorEmployee_8h__incl.pdf

pdfTeX warning: pdflatex (file ./FloorEmployee_8h__incl.pdf): PDF inclusion: mu
ltiple pdfs with page group included in a single page
>
<FloorEmployee_8h__incl.pdf, id=7590, 838.13126pt x 550.055pt>
File: FloorEmployee_8h__incl.pdf Graphic file (type pdf)
<use FloorEmployee_8h__incl.pdf>
Package pdftex.def Info: FloorEmployee_8h__incl.pdf  used on input line 16.
(pdftex.def)             Requested size: 350.0pt x 229.6954pt.
 [180]) (./FloorManager_8h.tex <./FloorManager_8h__incl.pdf>
<FloorManager_8h__incl.pdf, id=7614, 819.06pt x 550.055pt>
File: FloorManager_8h__incl.pdf Graphic file (type pdf)
<use FloorManager_8h__incl.pdf>
Package pdftex.def Info: FloorManager_8h__incl.pdf  used on input line 15.
(pdftex.def)             Requested size: 350.0pt x 235.05023pt.
 [181])
(./FloorStaff_8h.tex <./FloorStaff_8h__incl.pdf>
<FloorStaff_8h__incl.pdf, id=7639, 819.06pt x 493.845pt>
File: FloorStaff_8h__incl.pdf Graphic file (type pdf)
<use FloorStaff_8h__incl.pdf>
Package pdftex.def Info: FloorStaff_8h__incl.pdf  used on input line 15.
(pdftex.def)             Requested size: 350.0pt x 211.0305pt.
 [182] <./FloorStaff_8h__dep__incl.pdf>
<FloorStaff_8h__dep__incl.pdf, id=7661, 558.085pt x 212.795pt>
File: FloorStaff_8h__dep__incl.pdf Graphic file (type pdf)
<use FloorStaff_8h__dep__incl.pdf>
Package pdftex.def Info: FloorStaff_8h__dep__incl.pdf  used on input line 23.
(pdftex.def)             Requested size: 350.0pt x 133.45761pt.
) (./FlowerFactory_8h.tex <./FlowerFactory_8h__incl.pdf

pdfTeX warning: pdflatex (file ./FlowerFactory_8h__incl.pdf): PDF inclusion: mu
ltiple pdfs with page group included in a single page
>
<FlowerFactory_8h__incl.pdf, id=7680, 507.8975pt x 437.635pt>
File: FlowerFactory_8h__incl.pdf Graphic file (type pdf)
<use FlowerFactory_8h__incl.pdf>
Package pdftex.def Info: FlowerFactory_8h__incl.pdf  used on input line 16.
(pdftex.def)             Requested size: 350.0pt x 301.58784pt.
 [183] <./FlowerFactory_8h__dep__incl.pdf>
<FlowerFactory_8h__dep__incl.pdf, id=7696, 204.765pt x 156.585pt>
File: FlowerFactory_8h__dep__incl.pdf Graphic file (type pdf)
<use FlowerFactory_8h__dep__incl.pdf>
Package pdftex.def Info: FlowerFactory_8h__dep__incl.pdf  used on input line 24
.
(pdftex.def)             Requested size: 204.0pt x 156.00879pt.
 [184]) (./FullSunStrategy_8h.tex <./FullSunStrategy_8h__incl.pdf>
<FullSunStrategy_8h__incl.pdf, id=7717, 507.8975pt x 437.635pt>
File: FullSunStrategy_8h__incl.pdf Graphic file (type pdf)
<use FullSunStrategy_8h__incl.pdf>
Package pdftex.def Info: FullSunStrategy_8h__incl.pdf  used on input line 15.
(pdftex.def)             Requested size: 350.0pt x 301.58784pt.

Underfull \hbox (badness 10000) detected at line 30
[][][]
 []

[185]
Underfull \hbox (badness 10000) detected at line 33
[][][]
 []


Underfull \hbox (badness 10000) detected at line 36
[][][]
 []

) (./GiftWrap_8h.tex <./GiftWrap_8h__incl.pdf>
<GiftWrap_8h__incl.pdf, id=7738, 507.8975pt x 437.635pt>
File: GiftWrap_8h__incl.pdf Graphic file (type pdf)
<use GiftWrap_8h__incl.pdf>
Package pdftex.def Info: GiftWrap_8h__incl.pdf  used on input line 14.
(pdftex.def)             Requested size: 350.0pt x 301.58784pt.
 [186]
Underfull \hbox (badness 10000) detected at line 29
[][][]
 []

) (./HighWaterStrategy_8h.tex <./HighWaterStrategy_8h__incl.pdf>
<HighWaterStrategy_8h__incl.pdf, id=7760, 507.8975pt x 437.635pt>
File: HighWaterStrategy_8h__incl.pdf Graphic file (type pdf)
<use HighWaterStrategy_8h__incl.pdf>
Package pdftex.def Info: HighWaterStrategy_8h__incl.pdf  used on input line 15.

(pdftex.def)             Requested size: 350.0pt x 301.58784pt.
 [187]
Underfull \hbox (badness 10000) detected at line 30
[][][]
 []

) (./InorganicFertilizer_8h.tex <./InorganicFertilizer_8h__incl.pdf>
<InorganicFertilizer_8h__incl.pdf, id=7781, 507.8975pt x 437.635pt>
File: InorganicFertilizer_8h__incl.pdf Graphic file (type pdf)
<use InorganicFertilizer_8h__incl.pdf>
Package pdftex.def Info: InorganicFertilizer_8h__incl.pdf  used on input line 1
5.
(pdftex.def)             Requested size: 350.0pt x 301.58784pt.
 [188]
Underfull \hbox (badness 10000) detected at line 30
[][][]
 []

) (./InventoryObserver_8h.tex <./InventoryObserver_8h__incl.pdf>
<InventoryObserver_8h__incl.pdf, id=7801, 507.8975pt x 381.425pt>
File: InventoryObserver_8h__incl.pdf Graphic file (type pdf)
<use InventoryObserver_8h__incl.pdf>
Package pdftex.def Info: InventoryObserver_8h__incl.pdf  used on input line 14.

(pdftex.def)             Requested size: 350.0pt x 262.85178pt.
 <./InventoryObserver_8h__dep__incl.pdf

pdfTeX warning: pdflatex (file ./InventoryObserver_8h__dep__incl.pdf): PDF incl
usion: multiple pdfs with page group included in a single page
>
<InventoryObserver_8h__dep__incl.pdf, id=7809, 628.3475pt x 325.215pt>
File: InventoryObserver_8h__dep__incl.pdf Graphic file (type pdf)
<use InventoryObserver_8h__dep__incl.pdf>
Package pdftex.def Info: InventoryObserver_8h__dep__incl.pdf  used on input lin
e 22.
(pdftex.def)             Requested size: 350.0pt x 181.14653pt.
 [189]
Underfull \hbox (badness 10000) detected at line 37
[][][]
 []

) (./InventoryProxy_8h.tex <./InventoryProxy_8h__incl.pdf>
<InventoryProxy_8h__incl.pdf, id=7834, 656.4525pt x 550.055pt>
File: InventoryProxy_8h__incl.pdf Graphic file (type pdf)
<use InventoryProxy_8h__incl.pdf>
Package pdftex.def Info: InventoryProxy_8h__incl.pdf  used on input line 17.
(pdftex.def)             Requested size: 350.0pt x 293.27353pt.
 [190]
Underfull \hbox (badness 10000) detected at line 32
[][][]
 []

) (./ItemQueryBuilder_8cpp.tex <./ItemQueryBuilder_8cpp__incl.pdf>
<ItemQueryBuilder_8cpp__incl.pdf, id=7856, 544.0325pt x 550.055pt>
File: ItemQueryBuilder_8cpp__incl.pdf Graphic file (type pdf)
<use ItemQueryBuilder_8cpp__incl.pdf>
Package pdftex.def Info: ItemQueryBuilder_8cpp__incl.pdf  used on input line 14
.
(pdftex.def)             Requested size: 350.0pt x 353.88889pt.
 [191])
(./ItemQueryBuilder_8h.tex <./ItemQueryBuilder_8h__incl.pdf>
<ItemQueryBuilder_8h__incl.pdf, id=7875, 544.0325pt x 493.845pt>
File: ItemQueryBuilder_8h__incl.pdf Graphic file (type pdf)
<use ItemQueryBuilder_8h__incl.pdf>
Package pdftex.def Info: ItemQueryBuilder_8h__incl.pdf  used on input line 17.
(pdftex.def)             Requested size: 350.0pt x 317.72505pt.
 [192] <./ItemQueryBuilder_8h__dep__incl.pdf>
<ItemQueryBuilder_8h__dep__incl.pdf, id=7889, 299.1175pt x 212.795pt>
File: ItemQueryBuilder_8h__dep__incl.pdf Graphic file (type pdf)
<use ItemQueryBuilder_8h__dep__incl.pdf>
Package pdftex.def Info: ItemQueryBuilder_8h__dep__incl.pdf  used on input line
 25.
(pdftex.def)             Requested size: 298.0pt x 212.01518pt.
 [193]
Underfull \hbox (badness 10000) detected at line 40
[][][]
 []

) (./LifeCycleObserver_8h.tex <./LifeCycleObserver_8h__incl.pdf>
<LifeCycleObserver_8h__incl.pdf, id=7915, 194.7275pt x 156.585pt>
File: LifeCycleObserver_8h__incl.pdf Graphic file (type pdf)
<use LifeCycleObserver_8h__incl.pdf>
Package pdftex.def Info: LifeCycleObserver_8h__incl.pdf  used on input line 14.

(pdftex.def)             Requested size: 194.0pt x 156.0064pt.
 <./LifeCycleObserver_8h__dep__incl.pdf

pdfTeX warning: pdflatex (file ./LifeCycleObserver_8h__dep__incl.pdf): PDF incl
usion: multiple pdfs with page group included in a single page
>
<LifeCycleObserver_8h__dep__incl.pdf, id=7923, 3022.29124pt x 550.055pt>
File: LifeCycleObserver_8h__dep__incl.pdf Graphic file (type pdf)
<use LifeCycleObserver_8h__dep__incl.pdf>
Package pdftex.def Info: LifeCycleObserver_8h__dep__incl.pdf  used on input lin
e 22.
(pdftex.def)             Requested size: 350.0pt x 63.69563pt.
 [194]
Underfull \hbox (badness 10000) detected at line 37
[][][]
 []

) (./LowWaterStrategy_8h.tex <./LowWaterStrategy_8h__incl.pdf>
<LowWaterStrategy_8h__incl.pdf, id=7950, 507.8975pt x 437.635pt>
File: LowWaterStrategy_8h__incl.pdf Graphic file (type pdf)
<use LowWaterStrategy_8h__incl.pdf>
Package pdftex.def Info: LowWaterStrategy_8h__incl.pdf  used on input line 15.
(pdftex.def)             Requested size: 350.0pt x 301.58784pt.
)
(./ManagerFactory_8h.tex [195] <./ManagerFactory_8h__incl.pdf>
<ManagerFactory_8h__incl.pdf, id=7967, 857.2025pt x 606.265pt>
File: ManagerFactory_8h__incl.pdf Graphic file (type pdf)
<use ManagerFactory_8h__incl.pdf>
Package pdftex.def Info: ManagerFactory_8h__incl.pdf  used on input line 14.
(pdftex.def)             Requested size: 350.0pt x 247.54341pt.
)
(./MatureState_8h.tex <./MatureState_8h__incl.pdf

pdfTeX warning: pdflatex (file ./MatureState_8h__incl.pdf): PDF inclusion: mult
iple pdfs with page group included in a single page
>
<MatureState_8h__incl.pdf, id=7989, 547.04375pt x 437.635pt>
File: MatureState_8h__incl.pdf Graphic file (type pdf)
<use MatureState_8h__incl.pdf>
Package pdftex.def Info: MatureState_8h__incl.pdf  used on input line 16.
(pdftex.def)             Requested size: 350.0pt x 280.00531pt.
 [196]) (./MediumWaterStrategy_8h.tex <./MediumWaterStrategy_8h__incl.pdf>
<MediumWaterStrategy_8h__incl.pdf, id=8008, 507.8975pt x 437.635pt>
File: MediumWaterStrategy_8h__incl.pdf Graphic file (type pdf)
<use MediumWaterStrategy_8h__incl.pdf>
Package pdftex.def Info: MediumWaterStrategy_8h__incl.pdf  used on input line 1
5.
(pdftex.def)             Requested size: 350.0pt x 301.58784pt.

[197]) (./MiscQueryBuilder_8cpp.tex <./MiscQueryBuilder_8cpp__incl.pdf>
<MiscQueryBuilder_8cpp__incl.pdf, id=8026, 622.325pt x 550.055pt>
File: MiscQueryBuilder_8cpp__incl.pdf Graphic file (type pdf)
<use MiscQueryBuilder_8cpp__incl.pdf>
Package pdftex.def Info: MiscQueryBuilder_8cpp__incl.pdf  used on input line 15
.
(pdftex.def)             Requested size: 350.0pt x 309.35481pt.

[198]) (./MiscQueryBuilder_8h.tex <./MiscQueryBuilder_8h__incl.pdf>
<MiscQueryBuilder_8h__incl.pdf, id=8044, 544.0325pt x 493.845pt>
File: MiscQueryBuilder_8h__incl.pdf Graphic file (type pdf)
<use MiscQueryBuilder_8h__incl.pdf>
Package pdftex.def Info: MiscQueryBuilder_8h__incl.pdf  used on input line 17.
(pdftex.def)             Requested size: 350.0pt x 317.72505pt.
 [199] <./MiscQueryBuilder_8h__dep__incl.pdf>
<MiscQueryBuilder_8h__dep__incl.pdf, id=8059, 299.1175pt x 212.795pt>
File: MiscQueryBuilder_8h__dep__incl.pdf Graphic file (type pdf)
<use MiscQueryBuilder_8h__dep__incl.pdf>
Package pdftex.def Info: MiscQueryBuilder_8h__dep__incl.pdf  used on input line
 25.
(pdftex.def)             Requested size: 298.0pt x 212.01518pt.
 [200]) (./Oak_8h.tex <./Oak_8h__incl.pdf>
<Oak_8h__incl.pdf, id=8081, 507.8975pt x 381.425pt>
File: Oak_8h__incl.pdf Graphic file (type pdf)
<use Oak_8h__incl.pdf>
Package pdftex.def Info: Oak_8h__incl.pdf  used on input line 14.
(pdftex.def)             Requested size: 350.0pt x 262.85178pt.
 <./Oak_8h__dep__incl.pdf

pdfTeX warning: pdflatex (file ./Oak_8h__dep__incl.pdf): PDF inclusion: multipl
e pdfs with page group included in a single page
>
<Oak_8h__dep__incl.pdf, id=8089, 216.81pt x 212.795pt>
File: Oak_8h__dep__incl.pdf Graphic file (type pdf)
<use Oak_8h__dep__incl.pdf>
Package pdftex.def Info: Oak_8h__dep__incl.pdf  used on input line 22.
(pdftex.def)             Requested size: 216.0pt x 212.01193pt.
 [201]
Underfull \hbox (badness 10000) detected at line 37
[][][]
 []

) (./Order_8h.tex <./Order_8h__incl.pdf>
<Order_8h__incl.pdf, id=8114, 436.63126pt x 269.005pt>
File: Order_8h__incl.pdf Graphic file (type pdf)
<use Order_8h__incl.pdf>
Package pdftex.def Info: Order_8h__incl.pdf  used on input line 16.
(pdftex.def)             Requested size: 350.0pt x 215.63116pt.
 <./Order_8h__dep__incl.pdf

pdfTeX warning: pdflatex (file ./Order_8h__dep__incl.pdf): PDF inclusion: multi
ple pdfs with page group included in a single page
>
<Order_8h__dep__incl.pdf, id=8122, 152.57pt x 156.585pt>
File: Order_8h__dep__incl.pdf Graphic file (type pdf)
<use Order_8h__dep__incl.pdf>
Package pdftex.def Info: Order_8h__dep__incl.pdf  used on input line 24.
(pdftex.def)             Requested size: 152.0pt x 156.0064pt.
 [202]
Underfull \hbox (badness 10000) detected at line 39
[][][]
 []

) (./OrganicFertilizer_8h.tex <./OrganicFertilizer_8h__incl.pdf>
<OrganicFertilizer_8h__incl.pdf, id=8141, 507.8975pt x 437.635pt>
File: OrganicFertilizer_8h__incl.pdf Graphic file (type pdf)
<use OrganicFertilizer_8h__incl.pdf>
Package pdftex.def Info: OrganicFertilizer_8h__incl.pdf  used on input line 15.

(pdftex.def)             Requested size: 350.0pt x 301.58784pt.
 [203]
Underfull \hbox (badness 940) in paragraph at lines 28--29
[][] \T1/phv/m/n/10 in-creases a plant's nu-tri-ent level nat-u-rally us-ing or
-ganic com-pounds. It im-ple-ments the
 []


Underfull \hbox (badness 10000) detected at line 30
[][][]
 []

) (./PartialSunStrategy_8h.tex <./PartialSunStrategy_8h__incl.pdf>
<PartialSunStrategy_8h__incl.pdf, id=8161, 507.8975pt x 437.635pt>
File: PartialSunStrategy_8h__incl.pdf Graphic file (type pdf)
<use PartialSunStrategy_8h__incl.pdf>
Package pdftex.def Info: PartialSunStrategy_8h__incl.pdf  used on input line 15
.
(pdftex.def)             Requested size: 350.0pt x 301.58784pt.
 [204]
Underfull \hbox (badness 10000) detected at line 30
[][][]
 []

) (./PaymentStrategy_8h.tex <./PaymentStrategy_8h__incl.pdf>
<PaymentStrategy_8h__incl.pdf, id=8180, 188.705pt x 156.585pt>
File: PaymentStrategy_8h__incl.pdf Graphic file (type pdf)
<use PaymentStrategy_8h__incl.pdf>
Package pdftex.def Info: PaymentStrategy_8h__incl.pdf  used on input line 14.
(pdftex.def)             Requested size: 188.0pt x 155.99922pt.
 [205] <./PaymentStrategy_8h__dep__incl.pdf>
<PaymentStrategy_8h__dep__incl.pdf, id=8196, 648.4225pt x 269.005pt>
File: PaymentStrategy_8h__dep__incl.pdf Graphic file (type pdf)
<use PaymentStrategy_8h__dep__incl.pdf>
Package pdftex.def Info: PaymentStrategy_8h__dep__incl.pdf  used on input line 
22.
(pdftex.def)             Requested size: 350.0pt x 145.20306pt.

Underfull \hbox (badness 10000) detected at line 37
[][][]
 []

) (./Plant_8h.tex [206] <./Plant_8h__incl.pdf>
<Plant_8h__incl.pdf, id=8217, 507.8975pt x 325.215pt>
File: Plant_8h__incl.pdf Graphic file (type pdf)
<use Plant_8h__incl.pdf>
Package pdftex.def Info: Plant_8h__incl.pdf  used on input line 18.
(pdftex.def)             Requested size: 350.0pt x 224.11574pt.
 <./Plant_8h__dep__incl.pdf

pdfTeX warning: pdflatex (file ./Plant_8h__dep__incl.pdf): PDF inclusion: multi
ple pdfs with page group included in a single page
>
<Plant_8h__dep__incl.pdf, id=8225, 3373.60374pt x 381.425pt>
File: Plant_8h__dep__incl.pdf Graphic file (type pdf)
<use Plant_8h__dep__incl.pdf>
Package pdftex.def Info: Plant_8h__dep__incl.pdf  used on input line 26.
(pdftex.def)             Requested size: 350.0pt x 39.57065pt.

Underfull \hbox (badness 10000) detected at line 41
[][][]
 []

) (./PlantCareRoutine_8h.tex [207] <./PlantCareRoutine_8h__incl.pdf>
<PlantCareRoutine_8h__incl.pdf, id=8254, 508.90125pt x 381.425pt>
File: PlantCareRoutine_8h__incl.pdf Graphic file (type pdf)
<use PlantCareRoutine_8h__incl.pdf>
Package pdftex.def Info: PlantCareRoutine_8h__incl.pdf  used on input line 17.
(pdftex.def)             Requested size: 350.0pt x 262.33961pt.
 <./PlantCareRoutine_8h__dep__incl.pdf

pdfTeX warning: pdflatex (file ./PlantCareRoutine_8h__dep__incl.pdf): PDF inclu
sion: multiple pdfs with page group included in a single page
>
<PlantCareRoutine_8h__dep__incl.pdf, id=8262, 2599.7125pt x 550.055pt>
File: PlantCareRoutine_8h__dep__incl.pdf Graphic file (type pdf)
<use PlantCareRoutine_8h__dep__incl.pdf>
Package pdftex.def Info: PlantCareRoutine_8h__dep__incl.pdf  used on input line
 25.
(pdftex.def)             Requested size: 350.0pt x 74.05278pt.
 [208]
Underfull \hbox (badness 10000) detected at line 40
[][][]
 []

) (./PlantDecorator_8h.tex <./PlantDecorator_8h__incl.pdf>
<PlantDecorator_8h__incl.pdf, id=8290, 507.8975pt x 381.425pt>
File: PlantDecorator_8h__incl.pdf Graphic file (type pdf)
<use PlantDecorator_8h__incl.pdf>
Package pdftex.def Info: PlantDecorator_8h__incl.pdf  used on input line 14.
(pdftex.def)             Requested size: 350.0pt x 262.85178pt.
 <./PlantDecorator_8h__dep__incl.pdf

pdfTeX warning: pdflatex (file ./PlantDecorator_8h__dep__incl.pdf): PDF inclusi
on: multiple pdfs with page group included in a single page
>
<PlantDecorator_8h__dep__incl.pdf, id=8298, 406.51875pt x 156.585pt>
File: PlantDecorator_8h__dep__incl.pdf Graphic file (type pdf)
<use PlantDecorator_8h__dep__incl.pdf>
Package pdftex.def Info: PlantDecorator_8h__dep__incl.pdf  used on input line 2
2.
(pdftex.def)             Requested size: 350.0pt x 134.82054pt.
 [209]
Underfull \hbox (badness 10000) detected at line 37
[][][]
 []

) (./PlantFactory_8h.tex <./PlantFactory_8h__incl.pdf>
<PlantFactory_8h__incl.pdf, id=8322, 507.8975pt x 381.425pt>
File: PlantFactory_8h__incl.pdf Graphic file (type pdf)
<use PlantFactory_8h__incl.pdf>
Package pdftex.def Info: PlantFactory_8h__incl.pdf  used on input line 14.
(pdftex.def)             Requested size: 350.0pt x 262.85178pt.
 <./PlantFactory_8h__dep__incl.pdf

pdfTeX warning: pdflatex (file ./PlantFactory_8h__dep__incl.pdf): PDF inclusion
: multiple pdfs with page group included in a single page
>
<PlantFactory_8h__dep__incl.pdf, id=8331, 309.155pt x 212.795pt>
File: PlantFactory_8h__dep__incl.pdf Graphic file (type pdf)
<use PlantFactory_8h__dep__incl.pdf>
Package pdftex.def Info: PlantFactory_8h__dep__incl.pdf  used on input line 22.

(pdftex.def)             Requested size: 308.0pt x 212.01843pt.
 [210]
Underfull \hbox (badness 10000) detected at line 37
[][][]
 []

) (./PlantInventory_8h.tex <./PlantInventory_8h__incl.pdf>
<PlantInventory_8h__incl.pdf, id=8351, 673.51625pt x 437.635pt>
File: PlantInventory_8h__incl.pdf Graphic file (type pdf)
<use PlantInventory_8h__incl.pdf>
Package pdftex.def Info: PlantInventory_8h__incl.pdf  used on input line 19.
(pdftex.def)             Requested size: 350.0pt x 227.42459pt.
 [211] <./PlantInventory_8h__dep__incl.pdf>
<PlantInventory_8h__dep__incl.pdf, id=8367, 608.2725pt x 269.005pt>
File: PlantInventory_8h__dep__incl.pdf Graphic file (type pdf)
<use PlantInventory_8h__dep__incl.pdf>
Package pdftex.def Info: PlantInventory_8h__dep__incl.pdf  used on input line 2
7.
(pdftex.def)             Requested size: 350.0pt x 154.78749pt.

Underfull \hbox (badness 10000) detected at line 42
[][][]
 []

) (./PlantState_8h.tex [212] <./PlantState_8h__incl.pdf>
<PlantState_8h__incl.pdf, id=8395, 507.8975pt x 269.005pt>
File: PlantState_8h__incl.pdf Graphic file (type pdf)
<use PlantState_8h__incl.pdf>
Package pdftex.def Info: PlantState_8h__incl.pdf  used on input line 16.
(pdftex.def)             Requested size: 350.0pt x 185.37967pt.
 <./PlantState_8h__dep__incl.pdf

pdfTeX warning: pdflatex (file ./PlantState_8h__dep__incl.pdf): PDF inclusion: 
multiple pdfs with page group included in a single page
>
<PlantState_8h__dep__incl.pdf, id=8403, 3044.37375pt x 437.635pt>
File: PlantState_8h__dep__incl.pdf Graphic file (type pdf)
<use PlantState_8h__dep__incl.pdf>
Package pdftex.def Info: PlantState_8h__dep__incl.pdf  used on input line 24.
(pdftex.def)             Requested size: 350.0pt x 50.31027pt.

Underfull \hbox (badness 10000) detected at line 39
[][][]
 []

) (./PlantStock_8h.tex <./PlantStock_8h__incl.pdf

pdfTeX warning: pdflatex (file ./PlantStock_8h__incl.pdf): PDF inclusion: multi
ple pdfs with page group included in a single page
>
<PlantStock_8h__incl.pdf, id=8422, 757.83125pt x 550.055pt>
File: PlantStock_8h__incl.pdf Graphic file (type pdf)
<use PlantStock_8h__incl.pdf>
Package pdftex.def Info: PlantStock_8h__incl.pdf  used on input line 19.
(pdftex.def)             Requested size: 350.0pt x 254.04393pt.
 [213] <./PlantStock_8h__dep__incl.pdf>
<PlantStock_8h__dep__incl.pdf, id=8438, 204.765pt x 156.585pt>
File: PlantStock_8h__dep__incl.pdf Graphic file (type pdf)
<use PlantStock_8h__dep__incl.pdf>
Package pdftex.def Info: PlantStock_8h__dep__incl.pdf  used on input line 27.
(pdftex.def)             Requested size: 204.0pt x 156.00879pt.
 [214]
Underfull \hbox (badness 10000) detected at line 42
[][][]
 []

) (./Query_8h.tex <./Query_8h__incl.pdf>
<Query_8h__incl.pdf, id=8461, 543.02875pt x 437.635pt>
File: Query_8h__incl.pdf Graphic file (type pdf)
<use Query_8h__incl.pdf>
Package pdftex.def Info: Query_8h__incl.pdf  used on input line 16.
(pdftex.def)             Requested size: 350.0pt x 282.08209pt.
 <./Query_8h__dep__incl.pdf

pdfTeX warning: pdflatex (file ./Query_8h__dep__incl.pdf): PDF inclusion: multi
ple pdfs with page group included in a single page
>
<Query_8h__dep__incl.pdf, id=8469, 906.38625pt x 325.215pt>
File: Query_8h__dep__incl.pdf Graphic file (type pdf)
<use Query_8h__dep__incl.pdf>
Package pdftex.def Info: Query_8h__dep__incl.pdf  used on input line 24.
(pdftex.def)             Requested size: 350.0pt x 125.57785pt.
 [215]
Underfull \hbox (badness 10000) detected at line 39
[][][]
 []

) (./RemoveStock_8h.tex <./RemoveStock_8h__incl.pdf>
<RemoveStock_8h__incl.pdf, id=8497, 662.475pt x 493.845pt>
File: RemoveStock_8h__incl.pdf Graphic file (type pdf)
<use RemoveStock_8h__incl.pdf>
Package pdftex.def Info: RemoveStock_8h__incl.pdf  used on input line 16.
(pdftex.def)             Requested size: 350.0pt x 260.9077pt.
 [216] <./RemoveStock_8h__dep__incl.pdf>
<RemoveStock_8h__dep__incl.pdf, id=8512, 215.80624pt x 212.795pt>
File: RemoveStock_8h__dep__incl.pdf Graphic file (type pdf)
<use RemoveStock_8h__dep__incl.pdf>
Package pdftex.def Info: RemoveStock_8h__dep__incl.pdf  used on input line 24.
(pdftex.def)             Requested size: 215.0pt x 212.00543pt.
 [217]
Underfull \hbox (badness 10000) detected at line 39
[][][]
 []

) (./Rose_8h.tex <./Rose_8h__incl.pdf>
<Rose_8h__incl.pdf, id=8536, 507.8975pt x 381.425pt>
File: Rose_8h__incl.pdf Graphic file (type pdf)
<use Rose_8h__incl.pdf>
Package pdftex.def Info: Rose_8h__incl.pdf  used on input line 14.
(pdftex.def)             Requested size: 350.0pt x 262.85178pt.
 <./Rose_8h__dep__incl.pdf

pdfTeX warning: pdflatex (file ./Rose_8h__dep__incl.pdf): PDF inclusion: multip
le pdfs with page group included in a single page
>
<Rose_8h__dep__incl.pdf, id=8544, 225.84375pt x 212.795pt>
File: Rose_8h__dep__incl.pdf Graphic file (type pdf)
<use Rose_8h__dep__incl.pdf>
Package pdftex.def Info: Rose_8h__dep__incl.pdf  used on input line 22.
(pdftex.def)             Requested size: 225.0pt x 212.01193pt.
 [218]
Underfull \hbox (badness 10000) detected at line 37
[][][]
 []

) (./SalesEmployee_8h.tex <./SalesEmployee_8h__incl.pdf>
<SalesEmployee_8h__incl.pdf, id=8564, 780.9175pt x 550.055pt>
File: SalesEmployee_8h__incl.pdf Graphic file (type pdf)
<use SalesEmployee_8h__incl.pdf>
Package pdftex.def Info: SalesEmployee_8h__incl.pdf  used on input line 15.
(pdftex.def)             Requested size: 350.0pt x 246.53206pt.
 [219]
Underfull \hbox (badness 10000) detected at line 30
[][][]
 []

) (./SalesFloorObserver_8h.tex <./SalesFloorObserver_8h__incl.pdf>
<SalesFloorObserver_8h__incl.pdf, id=8592, 689.57625pt x 493.845pt>
File: SalesFloorObserver_8h__incl.pdf Graphic file (type pdf)
<use SalesFloorObserver_8h__incl.pdf>
Package pdftex.def Info: SalesFloorObserver_8h__incl.pdf  used on input line 19
.
(pdftex.def)             Requested size: 350.0pt x 250.65193pt.
 [220] <./SalesFloorObserver_8h__dep__incl.pdf>
<SalesFloorObserver_8h__dep__incl.pdf, id=8607, 200.75pt x 156.585pt>
File: SalesFloorObserver_8h__dep__incl.pdf Graphic file (type pdf)
<use SalesFloorObserver_8h__dep__incl.pdf>
Package pdftex.def Info: SalesFloorObserver_8h__dep__incl.pdf  used on input li
ne 27.
(pdftex.def)             Requested size: 200.0pt x 156.01117pt.
 [221]
Underfull \hbox (badness 10000) detected at line 44
[][][]
 []

) (./SalesManager_8h.tex <./SalesManager_8h__incl.pdf>
<SalesManager_8h__incl.pdf, id=8631, 780.9175pt x 550.055pt>
File: SalesManager_8h__incl.pdf Graphic file (type pdf)
<use SalesManager_8h__incl.pdf>
Package pdftex.def Info: SalesManager_8h__incl.pdf  used on input line 15.
(pdftex.def)             Requested size: 350.0pt x 246.53206pt.

Underfull \hbox (badness 10000) detected at line 30
[][][]
 []

) (./SalesStaff_8h.tex <./SalesStaff_8h__incl.pdf

pdfTeX warning: pdflatex (file ./SalesStaff_8h__incl.pdf): PDF inclusion: multi
ple pdfs with page group included in a single page
>
<SalesStaff_8h__incl.pdf, id=8651, 780.9175pt x 493.845pt>
File: SalesStaff_8h__incl.pdf Graphic file (type pdf)
<use SalesStaff_8h__incl.pdf>
Package pdftex.def Info: SalesStaff_8h__incl.pdf  used on input line 14.
(pdftex.def)             Requested size: 350.0pt x 221.339pt.
 [222] <./SalesStaff_8h__dep__incl.pdf>
<SalesStaff_8h__dep__incl.pdf, id=8673, 466.74374pt x 212.795pt>
File: SalesStaff_8h__dep__incl.pdf Graphic file (type pdf)
<use SalesStaff_8h__dep__incl.pdf>
Package pdftex.def Info: SalesStaff_8h__dep__incl.pdf  used on input line 22.
(pdftex.def)             Requested size: 350.0pt x 159.57635pt.
 [223]
Underfull \hbox (badness 10000) detected at line 37
[][][]
 []

) (./SeedlingState_8h.tex <./SeedlingState_8h__incl.pdf>
<SeedlingState_8h__incl.pdf, id=8703, 507.8975pt x 325.215pt>
File: SeedlingState_8h__incl.pdf Graphic file (type pdf)
<use SeedlingState_8h__incl.pdf>
Package pdftex.def Info: SeedlingState_8h__incl.pdf  used on input line 14.
(pdftex.def)             Requested size: 350.0pt x 224.11574pt.

Underfull \hbox (badness 10000) detected at line 29
[][][]
 []

) (./SeedState_8h.tex [224] <./SeedState_8h__incl.pdf>
<SeedState_8h__incl.pdf, id=8721, 507.8975pt x 325.215pt>
File: SeedState_8h__incl.pdf Graphic file (type pdf)
<use SeedState_8h__incl.pdf>
Package pdftex.def Info: SeedState_8h__incl.pdf  used on input line 14.
(pdftex.def)             Requested size: 350.0pt x 224.11574pt.

Underfull \hbox (badness 10000) detected at line 29
[][][]
 []

) (./Shade_8h.tex <./Shade_8h__incl.pdf

pdfTeX warning: pdflatex (file ./Shade_8h__incl.pdf): PDF inclusion: multiple p
dfs with page group included in a single page
>
<Shade_8h__incl.pdf, id=8733, 593.21625pt x 437.635pt>
File: Shade_8h__incl.pdf Graphic file (type pdf)
<use Shade_8h__incl.pdf>
Package pdftex.def Info: Shade_8h__incl.pdf  used on input line 19.
(pdftex.def)             Requested size: 350.0pt x 258.21576pt.
 [225]
Underfull \hbox (badness 10000) detected at line 34
[][][]
 []

) (./ShadeStrategy_8h.tex <./ShadeStrategy_8h__incl.pdf>
<ShadeStrategy_8h__incl.pdf, id=8754, 507.8975pt x 437.635pt>
File: ShadeStrategy_8h__incl.pdf Graphic file (type pdf)
<use ShadeStrategy_8h__incl.pdf>
Package pdftex.def Info: ShadeStrategy_8h__incl.pdf  used on input line 15.
(pdftex.def)             Requested size: 350.0pt x 301.58784pt.
 [226]
Underfull \hbox (badness 10000) detected at line 30
[][][]
 []

) (./SpecialArrangement_8h.tex <./SpecialArrangement_8h__incl.pdf>
<SpecialArrangement_8h__incl.pdf, id=8773, 507.8975pt x 437.635pt>
File: SpecialArrangement_8h__incl.pdf Graphic file (type pdf)
<use SpecialArrangement_8h__incl.pdf>
Package pdftex.def Info: SpecialArrangement_8h__incl.pdf  used on input line 14
.
(pdftex.def)             Requested size: 350.0pt x 301.58784pt.
 [227]
Underfull \hbox (badness 10000) detected at line 29
[][][]
 []

) (./Staff_8h.tex <./Staff_8h__incl.pdf>
<Staff_8h__incl.pdf, id=8794, 780.9175pt x 437.635pt>
File: Staff_8h__incl.pdf Graphic file (type pdf)
<use Staff_8h__incl.pdf>
Package pdftex.def Info: Staff_8h__incl.pdf  used on input line 19.
(pdftex.def)             Requested size: 350.0pt x 196.14595pt.
 [228] <./Staff_8h__dep__incl.pdf>
<Staff_8h__dep__incl.pdf, id=8816, 719.68875pt x 269.005pt>
File: Staff_8h__dep__incl.pdf Graphic file (type pdf)
<use Staff_8h__dep__incl.pdf>
Package pdftex.def Info: Staff_8h__dep__incl.pdf  used on input line 27.
(pdftex.def)             Requested size: 350.0pt x 130.82437pt.

[229]
Underfull \hbox (badness 10000) detected at line 42
[][][]
 []

) (./StaffFactory_8h.tex <./StaffFactory_8h__incl.pdf>
<StaffFactory_8h__incl.pdf, id=8846, 857.2025pt x 550.055pt>
File: StaffFactory_8h__incl.pdf Graphic file (type pdf)
<use StaffFactory_8h__incl.pdf>
Package pdftex.def Info: StaffFactory_8h__incl.pdf  used on input line 16.
(pdftex.def)             Requested size: 350.0pt x 224.59236pt.
 <./StaffFactory_8h__dep__incl.pdf

pdfTeX warning: pdflatex (file ./StaffFactory_8h__dep__incl.pdf): PDF inclusion
: multiple pdfs with page group included in a single page
>
<StaffFactory_8h__dep__incl.pdf, id=8861, 309.155pt x 156.585pt>
File: StaffFactory_8h__dep__incl.pdf Graphic file (type pdf)
<use StaffFactory_8h__dep__incl.pdf>
Package pdftex.def Info: StaffFactory_8h__dep__incl.pdf  used on input line 24.

(pdftex.def)             Requested size: 308.0pt x 156.01357pt.
 [230]
Underfull \hbox (badness 10000) detected at line 39
[][][]
 []

) (./StaffObserver_8h.tex <./StaffObserver_8h__incl.pdf>
<StaffObserver_8h__incl.pdf, id=8888, 632.3625pt x 493.845pt>
File: StaffObserver_8h__incl.pdf Graphic file (type pdf)
<use StaffObserver_8h__incl.pdf>
Package pdftex.def Info: StaffObserver_8h__incl.pdf  used on input line 18.
(pdftex.def)             Requested size: 350.0pt x 273.33366pt.
 [231]
Underfull \hbox (badness 10000) detected at line 33
[][][]
 []

) (./StockCommand_8h.tex <./StockCommand_8h__dep__incl.pdf>
<StockCommand_8h__dep__incl.pdf, id=8914, 666.49pt x 325.215pt>
File: StockCommand_8h__dep__incl.pdf Graphic file (type pdf)
<use StockCommand_8h__dep__incl.pdf>
Package pdftex.def Info: StockCommand_8h__dep__incl.pdf  used on input line 13.

(pdftex.def)             Requested size: 350.0pt x 170.7851pt.
)
(./SunlightStrategy_8h.tex <./SunlightStrategy_8h__incl.pdf

pdfTeX warning: pdflatex (file ./SunlightStrategy_8h__incl.pdf): PDF inclusion:
 multiple pdfs with page group included in a single page
>
<SunlightStrategy_8h__incl.pdf, id=8930, 507.8975pt x 381.425pt>
File: SunlightStrategy_8h__incl.pdf Graphic file (type pdf)
<use SunlightStrategy_8h__incl.pdf>
Package pdftex.def Info: SunlightStrategy_8h__incl.pdf  used on input line 14.
(pdftex.def)             Requested size: 350.0pt x 262.85178pt.
 [232] <./SunlightStrategy_8h__dep__incl.pdf>
<SunlightStrategy_8h__dep__incl.pdf, id=8946, 752.8125pt x 156.585pt>
File: SunlightStrategy_8h__dep__incl.pdf Graphic file (type pdf)
<use SunlightStrategy_8h__dep__incl.pdf>
Package pdftex.def Info: SunlightStrategy_8h__dep__incl.pdf  used on input line
 22.
(pdftex.def)             Requested size: 350.0pt x 72.80171pt.
) (./Sunny_8h.tex <./Sunny_8h__incl.pdf

pdfTeX warning: pdflatex (file ./Sunny_8h__incl.pdf): PDF inclusion: multiple p
dfs with page group included in a single page
>
<Sunny_8h__incl.pdf, id=8956, 593.21625pt x 437.635pt>
File: Sunny_8h__incl.pdf Graphic file (type pdf)
<use Sunny_8h__incl.pdf>
Package pdftex.def Info: Sunny_8h__incl.pdf  used on input line 19.
(pdftex.def)             Requested size: 350.0pt x 258.21576pt.
 [233]
Underfull \hbox (badness 10000) detected at line 34
[][][]
 []

) (./Temperate_8h.tex <./Temperate_8h__incl.pdf>
<Temperate_8h__incl.pdf, id=8979, 575.14874pt x 437.635pt>
File: Temperate_8h__incl.pdf Graphic file (type pdf)
<use Temperate_8h__incl.pdf>
Package pdftex.def Info: Temperate_8h__incl.pdf  used on input line 20.
(pdftex.def)             Requested size: 350.0pt x 266.32257pt.
 [234]
Underfull \hbox (badness 10000) detected at line 35
[][][]
 []

) (./Transaction_8h.tex <./Transaction_8h__incl.pdf>
<Transaction_8h__incl.pdf, id=8997, 360.34625pt x 212.795pt>
File: Transaction_8h__incl.pdf Graphic file (type pdf)
<use Transaction_8h__incl.pdf>
Package pdftex.def Info: Transaction_8h__incl.pdf  used on input line 17.
(pdftex.def)             Requested size: 350.0pt x 206.68362pt.
 [235] <./Transaction_8h__dep__incl.pdf>
<Transaction_8h__dep__incl.pdf, id=9013, 161.60374pt x 212.795pt>
File: Transaction_8h__dep__incl.pdf Graphic file (type pdf)
<use Transaction_8h__dep__incl.pdf>
Package pdftex.def Info: Transaction_8h__dep__incl.pdf  used on input line 25.
(pdftex.def)             Requested size: 161.0pt x 212.01193pt.
 [236]) (./TransactionHistory_8h.tex <./TransactionHistory_8h__incl.pdf>
<TransactionHistory_8h__incl.pdf, id=9031, 246.9225pt x 212.795pt>
File: TransactionHistory_8h__incl.pdf Graphic file (type pdf)
<use TransactionHistory_8h__incl.pdf>
Package pdftex.def Info: TransactionHistory_8h__incl.pdf  used on input line 15
.
(pdftex.def)             Requested size: 246.0pt x 211.99895pt.

Underfull \hbox (badness 10000) detected at line 30
[][][]
 []

) (./TransactionSnapshot_8h.tex <./TransactionSnapshot_8h__incl.pdf

pdfTeX warning: pdflatex (file ./TransactionSnapshot_8h__incl.pdf): PDF inclusi
on: multiple pdfs with page group included in a single page
>
<TransactionSnapshot_8h__incl.pdf, id=9043, 206.7725pt x 156.585pt>
File: TransactionSnapshot_8h__incl.pdf Graphic file (type pdf)
<use TransactionSnapshot_8h__incl.pdf>
Package pdftex.def Info: TransactionSnapshot_8h__incl.pdf  used on input line 1
5.
(pdftex.def)             Requested size: 206.0pt x 156.004pt.
 [237] <./TransactionSnapshot_8h__dep__incl.pdf>
<TransactionSnapshot_8h__dep__incl.pdf, id=9058, 295.1025pt x 269.005pt>
File: TransactionSnapshot_8h__dep__incl.pdf Graphic file (type pdf)
<use TransactionSnapshot_8h__dep__incl.pdf>
Package pdftex.def Info: TransactionSnapshot_8h__dep__incl.pdf  used on input l
ine 23.
(pdftex.def)             Requested size: 294.0pt x 268.00688pt.
) (./TreeFactory_8h.tex
[238] <./TreeFactory_8h__incl.pdf>
<TreeFactory_8h__incl.pdf, id=9077, 507.8975pt x 437.635pt>
File: TreeFactory_8h__incl.pdf Graphic file (type pdf)
<use TreeFactory_8h__incl.pdf>
Package pdftex.def Info: TreeFactory_8h__incl.pdf  used on input line 16.
(pdftex.def)             Requested size: 350.0pt x 301.58784pt.
 <./TreeFactory_8h__dep__incl.pdf

pdfTeX warning: pdflatex (file ./TreeFactory_8h__dep__incl.pdf): PDF inclusion:
 multiple pdfs with page group included in a single page
>
<TreeFactory_8h__dep__incl.pdf, id=9085, 204.765pt x 156.585pt>
File: TreeFactory_8h__dep__incl.pdf Graphic file (type pdf)
<use TreeFactory_8h__dep__incl.pdf>
Package pdftex.def Info: TreeFactory_8h__dep__incl.pdf  used on input line 24.
(pdftex.def)             Requested size: 204.0pt x 156.00879pt.
 [239]) (./Tropical_8h.tex <./Tropical_8h__incl.pdf>
<Tropical_8h__incl.pdf, id=9102, 575.14874pt x 437.635pt>
File: Tropical_8h__incl.pdf Graphic file (type pdf)
<use Tropical_8h__incl.pdf>
Package pdftex.def Info: Tropical_8h__incl.pdf  used on input line 20.
(pdftex.def)             Requested size: 350.0pt x 266.32257pt.
 [240])
(./WitheredState_8h.tex <./WitheredState_8h__incl.pdf>
<WitheredState_8h__incl.pdf, id=9120, 507.8975pt x 325.215pt>
File: WitheredState_8h__incl.pdf Graphic file (type pdf)
<use WitheredState_8h__incl.pdf>
Package pdftex.def Info: WitheredState_8h__incl.pdf  used on input line 14.
(pdftex.def)             Requested size: 350.0pt x 224.11574pt.
 [241]) [242]
(./refman.ind [243



] [244] [245] [246] [247] [248]) (./refman.aux)

LaTeX Warning: There were undefined references.


LaTeX Warning: There were multiply-defined labels.

Package rerunfilecheck Info: File `refman.out' has not changed.
(rerunfilecheck)             Checksum: 226CEA24B7D76A837BAD78F31B273C97;129116.

 ) 
Here is how much of TeX's memory you used:
 22593 strings out of 480247
 427533 string characters out of 5896151
 750560 words of memory out of 5000000
 38112 multiletter control sequences out of 15000+600000
 526923 words of font info for 97 fonts, out of 8000000 for 9000
 14 hyphenation exceptions out of 8191
 99i,16n,117p,953b,665s stack positions out of 5000i,500n,10000p,200000b,80000s
pdfTeX warning (dest): name{classManagerFactory} has been referenced but does
 not exist, replaced by a fixed one

{/usr/share/texlive/texmf-dist/fonts/enc/dvips/base/8r.enc}</usr/share/texlive/
texmf-dist/fonts/type1/public/amsfonts/cm/cmmi10.pfb></usr/share/texlive/texmf-
dist/fonts/type1/public/amsfonts/cm/cmmi7.pfb></usr/share/texlive/texmf-dist/fo
nts/type1/public/amsfonts/cm/cmmi8.pfb></usr/share/texlive/texmf-dist/fonts/typ
e1/public/amsfonts/cm/cmsy10.pfb></usr/share/texlive/texmf-dist/fonts/type1/pub
lic/amsfonts/cm/cmsy7.pfb></usr/share/texlive/texmf-dist/fonts/type1/public/ams
fonts/cm/cmsy8.pfb></usr/share/texlive/texmf-dist/fonts/type1/urw/courier/ucrr8
a.pfb></usr/share/texlive/texmf-dist/fonts/type1/urw/courier/ucrro8a.pfb></usr/
share/texlive/texmf-dist/fonts/type1/urw/helvetic/uhvb8a.pfb></usr/share/texliv
e/texmf-dist/fonts/type1/urw/helvetic/uhvb8ac.pfb></usr/share/texlive/texmf-dis
t/fonts/type1/urw/helvetic/uhvr8a.pfb></usr/share/texlive/texmf-dist/fonts/type
1/urw/helvetic/uhvro8a.pfb>
Output written on refman.pdf (266 pages, 2259363 bytes).
PDF statistics:
 10181 PDF objects out of 10688 (max. 8388607)
 8954 compressed objects within 90 object streams
 1823 named destinations out of 2073 (max. 500000)
 5815 words of extra memory for PDF output out of 10000 (max. 10000000)

