\BOOKMARK [0][-]{chapter.1}{\376\377\0001\000\040\000H\000i\000e\000r\000a\000r\000c\000h\000i\000c\000a\000l\000\040\000I\000n\000d\000e\000x}{}% 1
\BOOKMARK [1][-]{section.1.1}{\376\377\0001\000.\0001\000\040\000C\000l\000a\000s\000s\000\040\000H\000i\000e\000r\000a\000r\000c\000h\000y}{chapter.1}% 2
\BOOKMARK [0][-]{chapter.2}{\376\377\0002\000\040\000C\000l\000a\000s\000s\000\040\000I\000n\000d\000e\000x}{}% 3
\BOOKMARK [1][-]{section.2.1}{\376\377\0002\000.\0001\000\040\000C\000l\000a\000s\000s\000\040\000L\000i\000s\000t}{chapter.2}% 4
\BOOKMARK [0][-]{chapter.3}{\376\377\0003\000\040\000F\000i\000l\000e\000\040\000I\000n\000d\000e\000x}{}% 5
\BOOKMARK [1][-]{section.3.1}{\376\377\0003\000.\0001\000\040\000F\000i\000l\000e\000\040\000L\000i\000s\000t}{chapter.3}% 6
\BOOKMARK [0][-]{chapter.4}{\376\377\0004\000\040\000C\000l\000a\000s\000s\000\040\000D\000o\000c\000u\000m\000e\000n\000t\000a\000t\000i\000o\000n}{}% 7
\BOOKMARK [1][-]{section.4.1}{\376\377\0004\000.\0001\000\040\000A\000d\000d\000S\000t\000o\000c\000k\000\040\000C\000l\000a\000s\000s\000\040\000R\000e\000f\000e\000r\000e\000n\000c\000e}{chapter.4}% 8
\BOOKMARK [2][-]{subsection.4.1.1}{\376\377\0004\000.\0001\000.\0001\000\040\000D\000e\000t\000a\000i\000l\000e\000d\000\040\000D\000e\000s\000c\000r\000i\000p\000t\000i\000o\000n}{section.4.1}% 9
\BOOKMARK [2][-]{subsection.4.1.2}{\376\377\0004\000.\0001\000.\0002\000\040\000C\000o\000n\000s\000t\000r\000u\000c\000t\000o\000r\000\040\000\046\000\040\000D\000e\000s\000t\000r\000u\000c\000t\000o\000r\000\040\000D\000o\000c\000u\000m\000e\000n\000t\000a\000t\000i\000o\000n}{section.4.1}% 10
\BOOKMARK [3][-]{subsubsection.4.1.2.1}{\376\377\0004\000.\0001\000.\0002\000.\0001\000\040\000A\000d\000d\000S\000t\000o\000c\000k\000\050\000\051}{subsection.4.1.2}% 11
\BOOKMARK [2][-]{subsection.4.1.3}{\376\377\0004\000.\0001\000.\0003\000\040\000M\000e\000m\000b\000e\000r\000\040\000F\000u\000n\000c\000t\000i\000o\000n\000\040\000D\000o\000c\000u\000m\000e\000n\000t\000a\000t\000i\000o\000n}{section.4.1}% 12
\BOOKMARK [3][-]{subsubsection.4.1.3.1}{\376\377\0004\000.\0001\000.\0003\000.\0001\000\040\000e\000x\000e\000c\000u\000t\000e\000\050\000\051}{subsection.4.1.3}% 13
\BOOKMARK [1][-]{section.4.2}{\376\377\0004\000.\0002\000\040\000A\000s\000k\000Q\000u\000e\000r\000y\000\040\000C\000l\000a\000s\000s\000\040\000R\000e\000f\000e\000r\000e\000n\000c\000e}{chapter.4}% 14
\BOOKMARK [2][-]{subsection.4.2.1}{\376\377\0004\000.\0002\000.\0001\000\040\000D\000e\000t\000a\000i\000l\000e\000d\000\040\000D\000e\000s\000c\000r\000i\000p\000t\000i\000o\000n}{section.4.2}% 15
\BOOKMARK [2][-]{subsection.4.2.2}{\376\377\0004\000.\0002\000.\0002\000\040\000M\000e\000m\000b\000e\000r\000\040\000F\000u\000n\000c\000t\000i\000o\000n\000\040\000D\000o\000c\000u\000m\000e\000n\000t\000a\000t\000i\000o\000n}{section.4.2}% 16
\BOOKMARK [3][-]{subsubsection.4.2.2.1}{\376\377\0004\000.\0002\000.\0002\000.\0001\000\040\000c\000a\000r\000e\000R\000o\000u\000t\000i\000n\000e\000\050\000\051}{subsection.4.2.2}% 17
\BOOKMARK [3][-]{subsubsection.4.2.2.2}{\376\377\0004\000.\0002\000.\0002\000.\0002\000\040\000d\000e\000s\000c\000r\000i\000b\000e\000\050\000\051}{subsection.4.2.2}% 18
\BOOKMARK [1][-]{section.4.3}{\376\377\0004\000.\0003\000\040\000B\000a\000s\000e\000P\000l\000a\000n\000t\000\040\000C\000l\000a\000s\000s\000\040\000R\000e\000f\000e\000r\000e\000n\000c\000e}{chapter.4}% 19
\BOOKMARK [2][-]{subsection.4.3.1}{\376\377\0004\000.\0003\000.\0001\000\040\000M\000e\000m\000b\000e\000r\000\040\000F\000u\000n\000c\000t\000i\000o\000n\000\040\000D\000o\000c\000u\000m\000e\000n\000t\000a\000t\000i\000o\000n}{section.4.3}% 20
\BOOKMARK [3][-]{subsubsection.4.3.1.1}{\376\377\0004\000.\0003\000.\0001\000.\0001\000\040\000g\000e\000t\000D\000e\000s\000c\000r\000i\000p\000t\000i\000o\000n\000\050\000\051}{subsection.4.3.1}% 21
\BOOKMARK [3][-]{subsubsection.4.3.1.2}{\376\377\0004\000.\0003\000.\0001\000.\0002\000\040\000g\000e\000t\000P\000r\000i\000c\000e\000\050\000\051}{subsection.4.3.1}% 22
\BOOKMARK [1][-]{section.4.4}{\376\377\0004\000.\0004\000\040\000B\000u\000i\000l\000d\000e\000r\000\040\000C\000l\000a\000s\000s\000\040\000R\000e\000f\000e\000r\000e\000n\000c\000e}{chapter.4}% 23
\BOOKMARK [2][-]{subsection.4.4.1}{\376\377\0004\000.\0004\000.\0001\000\040\000D\000e\000t\000a\000i\000l\000e\000d\000\040\000D\000e\000s\000c\000r\000i\000p\000t\000i\000o\000n}{section.4.4}% 24
\BOOKMARK [2][-]{subsection.4.4.2}{\376\377\0004\000.\0004\000.\0002\000\040\000M\000e\000m\000b\000e\000r\000\040\000F\000u\000n\000c\000t\000i\000o\000n\000\040\000D\000o\000c\000u\000m\000e\000n\000t\000a\000t\000i\000o\000n}{section.4.4}% 25
\BOOKMARK [3][-]{subsubsection.4.4.2.1}{\376\377\0004\000.\0004\000.\0002\000.\0001\000\040\000b\000u\000i\000l\000d\000\050\000\051}{subsection.4.4.2}% 26
\BOOKMARK [3][-]{subsubsection.4.4.2.2}{\376\377\0004\000.\0004\000.\0002\000.\0002\000\040\000s\000e\000t\000I\000t\000e\000m\000\050\000\051}{subsection.4.4.2}% 27
\BOOKMARK [3][-]{subsubsection.4.4.2.3}{\376\377\0004\000.\0004\000.\0002\000.\0003\000\040\000s\000e\000t\000Q\000u\000e\000s\000t\000i\000o\000n\000\050\000\051}{subsection.4.4.2}% 28
\BOOKMARK [3][-]{subsubsection.4.4.2.4}{\376\377\0004\000.\0004\000.\0002\000.\0004\000\040\000s\000e\000t\000T\000y\000p\000e\000\050\000\051}{subsection.4.4.2}% 29
\BOOKMARK [2][-]{subsection.4.4.3}{\376\377\0004\000.\0004\000.\0003\000\040\000M\000e\000m\000b\000e\000r\000\040\000D\000a\000t\000a\000\040\000D\000o\000c\000u\000m\000e\000n\000t\000a\000t\000i\000o\000n}{section.4.4}% 30
\BOOKMARK [3][-]{subsubsection.4.4.3.1}{\376\377\0004\000.\0004\000.\0003\000.\0001\000\040\000i\000t\000e\000m}{subsection.4.4.3}% 31
\BOOKMARK [3][-]{subsubsection.4.4.3.2}{\376\377\0004\000.\0004\000.\0003\000.\0002\000\040\000q\000u\000e\000s\000t\000i\000o\000n}{subsection.4.4.3}% 32
\BOOKMARK [3][-]{subsubsection.4.4.3.3}{\376\377\0004\000.\0004\000.\0003\000.\0003\000\040\000t\000y\000p\000e}{subsection.4.4.3}% 33
\BOOKMARK [1][-]{section.4.5}{\376\377\0004\000.\0005\000\040\000C\000r\000e\000d\000i\000t\000C\000a\000r\000d\000P\000a\000y\000m\000e\000n\000t\000S\000t\000r\000a\000t\000e\000g\000y\000\040\000C\000l\000a\000s\000s\000\040\000R\000e\000f\000e\000r\000e\000n\000c\000e}{chapter.4}% 34
\BOOKMARK [2][-]{subsection.4.5.1}{\376\377\0004\000.\0005\000.\0001\000\040\000D\000e\000t\000a\000i\000l\000e\000d\000\040\000D\000e\000s\000c\000r\000i\000p\000t\000i\000o\000n}{section.4.5}% 35
\BOOKMARK [2][-]{subsection.4.5.2}{\376\377\0004\000.\0005\000.\0002\000\040\000C\000o\000n\000s\000t\000r\000u\000c\000t\000o\000r\000\040\000\046\000\040\000D\000e\000s\000t\000r\000u\000c\000t\000o\000r\000\040\000D\000o\000c\000u\000m\000e\000n\000t\000a\000t\000i\000o\000n}{section.4.5}% 36
\BOOKMARK [3][-]{subsubsection.4.5.2.1}{\376\377\0004\000.\0005\000.\0002\000.\0001\000\040\000C\000r\000e\000d\000i\000t\000C\000a\000r\000d\000P\000a\000y\000m\000e\000n\000t\000S\000t\000r\000a\000t\000e\000g\000y\000\050\000\051}{subsection.4.5.2}% 37
\BOOKMARK [2][-]{subsection.4.5.3}{\376\377\0004\000.\0005\000.\0003\000\040\000M\000e\000m\000b\000e\000r\000\040\000F\000u\000n\000c\000t\000i\000o\000n\000\040\000D\000o\000c\000u\000m\000e\000n\000t\000a\000t\000i\000o\000n}{section.4.5}% 38
\BOOKMARK [3][-]{subsubsection.4.5.3.1}{\376\377\0004\000.\0005\000.\0003\000.\0001\000\040\000g\000e\000t\000N\000a\000m\000e\000\050\000\051}{subsection.4.5.3}% 39
\BOOKMARK [3][-]{subsubsection.4.5.3.2}{\376\377\0004\000.\0005\000.\0003\000.\0002\000\040\000p\000a\000y\000\050\000\051}{subsection.4.5.3}% 40
\BOOKMARK [1][-]{section.4.6}{\376\377\0004\000.\0006\000\040\000C\000u\000s\000t\000o\000m\000e\000r\000\040\000C\000l\000a\000s\000s\000\040\000R\000e\000f\000e\000r\000e\000n\000c\000e}{chapter.4}% 41
\BOOKMARK [2][-]{subsection.4.6.1}{\376\377\0004\000.\0006\000.\0001\000\040\000D\000e\000t\000a\000i\000l\000e\000d\000\040\000D\000e\000s\000c\000r\000i\000p\000t\000i\000o\000n}{section.4.6}% 42
\BOOKMARK [2][-]{subsection.4.6.2}{\376\377\0004\000.\0006\000.\0002\000\040\000C\000o\000n\000s\000t\000r\000u\000c\000t\000o\000r\000\040\000\046\000\040\000D\000e\000s\000t\000r\000u\000c\000t\000o\000r\000\040\000D\000o\000c\000u\000m\000e\000n\000t\000a\000t\000i\000o\000n}{section.4.6}% 43
\BOOKMARK [3][-]{subsubsection.4.6.2.1}{\376\377\0004\000.\0006\000.\0002\000.\0001\000\040\000C\000u\000s\000t\000o\000m\000e\000r\000\050\000\051}{subsection.4.6.2}% 44
\BOOKMARK [2][-]{subsection.4.6.3}{\376\377\0004\000.\0006\000.\0003\000\040\000M\000e\000m\000b\000e\000r\000\040\000F\000u\000n\000c\000t\000i\000o\000n\000\040\000D\000o\000c\000u\000m\000e\000n\000t\000a\000t\000i\000o\000n}{section.4.6}% 45
\BOOKMARK [3][-]{subsubsection.4.6.3.1}{\376\377\0004\000.\0006\000.\0003\000.\0001\000\040\000g\000e\000t\000N\000a\000m\000e\000\050\000\051}{subsection.4.6.3}% 46
\BOOKMARK [3][-]{subsubsection.4.6.3.2}{\376\377\0004\000.\0006\000.\0003\000.\0002\000\040\000m\000a\000k\000e\000Q\000u\000e\000r\000y\000\050\000\051}{subsection.4.6.3}% 47
\BOOKMARK [3][-]{subsubsection.4.6.3.3}{\376\377\0004\000.\0006\000.\0003\000.\0003\000\040\000p\000l\000a\000c\000e\000O\000r\000d\000e\000r\000\050\000\051}{subsection.4.6.3}% 48
\BOOKMARK [3][-]{subsubsection.4.6.3.4}{\376\377\0004\000.\0006\000.\0003\000.\0004\000\040\000s\000e\000t\000N\000a\000m\000e\000\050\000\051}{subsection.4.6.3}% 49
\BOOKMARK [1][-]{section.4.7}{\376\377\0004\000.\0007\000\040\000D\000e\000c\000o\000r\000a\000t\000i\000v\000e\000P\000o\000t\000\040\000C\000l\000a\000s\000s\000\040\000R\000e\000f\000e\000r\000e\000n\000c\000e}{chapter.4}% 50
\BOOKMARK [2][-]{subsection.4.7.1}{\376\377\0004\000.\0007\000.\0001\000\040\000D\000e\000t\000a\000i\000l\000e\000d\000\040\000D\000e\000s\000c\000r\000i\000p\000t\000i\000o\000n}{section.4.7}% 51
\BOOKMARK [2][-]{subsection.4.7.2}{\376\377\0004\000.\0007\000.\0002\000\040\000C\000o\000n\000s\000t\000r\000u\000c\000t\000o\000r\000\040\000\046\000\040\000D\000e\000s\000t\000r\000u\000c\000t\000o\000r\000\040\000D\000o\000c\000u\000m\000e\000n\000t\000a\000t\000i\000o\000n}{section.4.7}% 52
\BOOKMARK [3][-]{subsubsection.4.7.2.1}{\376\377\0004\000.\0007\000.\0002\000.\0001\000\040\000D\000e\000c\000o\000r\000a\000t\000i\000v\000e\000P\000o\000t\000\050\000\051}{subsection.4.7.2}% 53
\BOOKMARK [2][-]{subsection.4.7.3}{\376\377\0004\000.\0007\000.\0003\000\040\000M\000e\000m\000b\000e\000r\000\040\000F\000u\000n\000c\000t\000i\000o\000n\000\040\000D\000o\000c\000u\000m\000e\000n\000t\000a\000t\000i\000o\000n}{section.4.7}% 54
\BOOKMARK [3][-]{subsubsection.4.7.3.1}{\376\377\0004\000.\0007\000.\0003\000.\0001\000\040\000g\000e\000t\000D\000e\000s\000c\000r\000i\000p\000t\000i\000o\000n\000\050\000\051}{subsection.4.7.3}% 55
\BOOKMARK [3][-]{subsubsection.4.7.3.2}{\376\377\0004\000.\0007\000.\0003\000.\0002\000\040\000g\000e\000t\000P\000r\000i\000c\000e\000\050\000\051}{subsection.4.7.3}% 56
\BOOKMARK [1][-]{section.4.8}{\376\377\0004\000.\0008\000\040\000D\000i\000s\000t\000r\000e\000s\000s\000e\000d\000S\000t\000a\000t\000e\000\040\000C\000l\000a\000s\000s\000\040\000R\000e\000f\000e\000r\000e\000n\000c\000e}{chapter.4}% 57
\BOOKMARK [2][-]{subsection.4.8.1}{\376\377\0004\000.\0008\000.\0001\000\040\000D\000e\000t\000a\000i\000l\000e\000d\000\040\000D\000e\000s\000c\000r\000i\000p\000t\000i\000o\000n}{section.4.8}% 58
\BOOKMARK [2][-]{subsection.4.8.2}{\376\377\0004\000.\0008\000.\0002\000\040\000M\000e\000m\000b\000e\000r\000\040\000F\000u\000n\000c\000t\000i\000o\000n\000\040\000D\000o\000c\000u\000m\000e\000n\000t\000a\000t\000i\000o\000n}{section.4.8}% 59
\BOOKMARK [3][-]{subsubsection.4.8.2.1}{\376\377\0004\000.\0008\000.\0002\000.\0001\000\040\000a\000p\000p\000l\000y\000C\000a\000r\000e\000\050\000\051}{subsection.4.8.2}% 60
\BOOKMARK [3][-]{subsubsection.4.8.2.2}{\376\377\0004\000.\0008\000.\0002\000.\0002\000\040\000c\000l\000o\000n\000e\000\050\000\051}{subsection.4.8.2}% 61
\BOOKMARK [3][-]{subsubsection.4.8.2.3}{\376\377\0004\000.\0008\000.\0002\000.\0003\000\040\000e\000v\000a\000l\000u\000a\000t\000e\000\050\000\051}{subsection.4.8.2}% 62
\BOOKMARK [3][-]{subsubsection.4.8.2.4}{\376\377\0004\000.\0008\000.\0002\000.\0004\000\040\000g\000e\000t\000N\000a\000m\000e\000\050\000\051}{subsection.4.8.2}% 63
\BOOKMARK [1][-]{section.4.9}{\376\377\0004\000.\0009\000\040\000E\000F\000T\000P\000a\000y\000m\000e\000n\000t\000S\000t\000r\000a\000t\000e\000g\000y\000\040\000C\000l\000a\000s\000s\000\040\000R\000e\000f\000e\000r\000e\000n\000c\000e}{chapter.4}% 64
\BOOKMARK [2][-]{subsection.4.9.1}{\376\377\0004\000.\0009\000.\0001\000\040\000D\000e\000t\000a\000i\000l\000e\000d\000\040\000D\000e\000s\000c\000r\000i\000p\000t\000i\000o\000n}{section.4.9}% 65
\BOOKMARK [2][-]{subsection.4.9.2}{\376\377\0004\000.\0009\000.\0002\000\040\000C\000o\000n\000s\000t\000r\000u\000c\000t\000o\000r\000\040\000\046\000\040\000D\000e\000s\000t\000r\000u\000c\000t\000o\000r\000\040\000D\000o\000c\000u\000m\000e\000n\000t\000a\000t\000i\000o\000n}{section.4.9}% 66
\BOOKMARK [3][-]{subsubsection.4.9.2.1}{\376\377\0004\000.\0009\000.\0002\000.\0001\000\040\000E\000F\000T\000P\000a\000y\000m\000e\000n\000t\000S\000t\000r\000a\000t\000e\000g\000y\000\050\000\051}{subsection.4.9.2}% 67
\BOOKMARK [2][-]{subsection.4.9.3}{\376\377\0004\000.\0009\000.\0003\000\040\000M\000e\000m\000b\000e\000r\000\040\000F\000u\000n\000c\000t\000i\000o\000n\000\040\000D\000o\000c\000u\000m\000e\000n\000t\000a\000t\000i\000o\000n}{section.4.9}% 68
\BOOKMARK [3][-]{subsubsection.4.9.3.1}{\376\377\0004\000.\0009\000.\0003\000.\0001\000\040\000g\000e\000t\000N\000a\000m\000e\000\050\000\051}{subsection.4.9.3}% 69
\BOOKMARK [3][-]{subsubsection.4.9.3.2}{\376\377\0004\000.\0009\000.\0003\000.\0002\000\040\000p\000a\000y\000\050\000\051}{subsection.4.9.3}% 70
\BOOKMARK [1][-]{section.4.10}{\376\377\0004\000.\0001\0000\000\040\000E\000m\000p\000l\000o\000y\000e\000e\000F\000a\000c\000t\000o\000r\000y\000\040\000C\000l\000a\000s\000s\000\040\000R\000e\000f\000e\000r\000e\000n\000c\000e}{chapter.4}% 71
\BOOKMARK [2][-]{subsection.4.10.1}{\376\377\0004\000.\0001\0000\000.\0001\000\040\000D\000e\000t\000a\000i\000l\000e\000d\000\040\000D\000e\000s\000c\000r\000i\000p\000t\000i\000o\000n}{section.4.10}% 72
\BOOKMARK [2][-]{subsection.4.10.2}{\376\377\0004\000.\0001\0000\000.\0002\000\040\000M\000e\000m\000b\000e\000r\000\040\000F\000u\000n\000c\000t\000i\000o\000n\000\040\000D\000o\000c\000u\000m\000e\000n\000t\000a\000t\000i\000o\000n}{section.4.10}% 73
\BOOKMARK [3][-]{subsubsection.4.10.2.1}{\376\377\0004\000.\0001\0000\000.\0002\000.\0001\000\040\000c\000r\000e\000a\000t\000e\000F\000l\000o\000o\000r\000S\000t\000a\000f\000f\000\050\000\051}{subsection.4.10.2}% 74
\BOOKMARK [3][-]{subsubsection.4.10.2.2}{\376\377\0004\000.\0001\0000\000.\0002\000.\0002\000\040\000c\000r\000e\000a\000t\000e\000S\000a\000l\000e\000s\000S\000t\000a\000f\000f\000\050\000\051}{subsection.4.10.2}% 75
\BOOKMARK [1][-]{section.4.11}{\376\377\0004\000.\0001\0001\000\040\000E\000W\000a\000l\000l\000e\000t\000P\000a\000y\000m\000e\000n\000t\000S\000t\000r\000a\000t\000e\000g\000y\000\040\000C\000l\000a\000s\000s\000\040\000R\000e\000f\000e\000r\000e\000n\000c\000e}{chapter.4}% 76
\BOOKMARK [2][-]{subsection.4.11.1}{\376\377\0004\000.\0001\0001\000.\0001\000\040\000D\000e\000t\000a\000i\000l\000e\000d\000\040\000D\000e\000s\000c\000r\000i\000p\000t\000i\000o\000n}{section.4.11}% 77
\BOOKMARK [2][-]{subsection.4.11.2}{\376\377\0004\000.\0001\0001\000.\0002\000\040\000C\000o\000n\000s\000t\000r\000u\000c\000t\000o\000r\000\040\000\046\000\040\000D\000e\000s\000t\000r\000u\000c\000t\000o\000r\000\040\000D\000o\000c\000u\000m\000e\000n\000t\000a\000t\000i\000o\000n}{section.4.11}% 78
\BOOKMARK [3][-]{subsubsection.4.11.2.1}{\376\377\0004\000.\0001\0001\000.\0002\000.\0001\000\040\000E\000W\000a\000l\000l\000e\000t\000P\000a\000y\000m\000e\000n\000t\000S\000t\000r\000a\000t\000e\000g\000y\000\050\000\051}{subsection.4.11.2}% 79
\BOOKMARK [2][-]{subsection.4.11.3}{\376\377\0004\000.\0001\0001\000.\0003\000\040\000M\000e\000m\000b\000e\000r\000\040\000F\000u\000n\000c\000t\000i\000o\000n\000\040\000D\000o\000c\000u\000m\000e\000n\000t\000a\000t\000i\000o\000n}{section.4.11}% 80
\BOOKMARK [3][-]{subsubsection.4.11.3.1}{\376\377\0004\000.\0001\0001\000.\0003\000.\0001\000\040\000g\000e\000t\000N\000a\000m\000e\000\050\000\051}{subsection.4.11.3}% 81
\BOOKMARK [3][-]{subsubsection.4.11.3.2}{\376\377\0004\000.\0001\0001\000.\0003\000.\0002\000\040\000p\000a\000y\000\050\000\051}{subsection.4.11.3}% 82
\BOOKMARK [1][-]{section.4.12}{\376\377\0004\000.\0001\0002\000\040\000F\000e\000r\000t\000i\000l\000i\000z\000e\000r\000S\000t\000r\000a\000t\000e\000g\000y\000\040\000C\000l\000a\000s\000s\000\040\000R\000e\000f\000e\000r\000e\000n\000c\000e}{chapter.4}% 83
\BOOKMARK [2][-]{subsection.4.12.1}{\376\377\0004\000.\0001\0002\000.\0001\000\040\000D\000e\000t\000a\000i\000l\000e\000d\000\040\000D\000e\000s\000c\000r\000i\000p\000t\000i\000o\000n}{section.4.12}% 84
\BOOKMARK [2][-]{subsection.4.12.2}{\376\377\0004\000.\0001\0002\000.\0002\000\040\000M\000e\000m\000b\000e\000r\000\040\000F\000u\000n\000c\000t\000i\000o\000n\000\040\000D\000o\000c\000u\000m\000e\000n\000t\000a\000t\000i\000o\000n}{section.4.12}% 85
\BOOKMARK [3][-]{subsubsection.4.12.2.1}{\376\377\0004\000.\0001\0002\000.\0002\000.\0001\000\040\000a\000p\000p\000l\000y\000F\000e\000r\000t\000i\000l\000i\000z\000e\000r\000\050\000\051}{subsection.4.12.2}% 86
\BOOKMARK [3][-]{subsubsection.4.12.2.2}{\376\377\0004\000.\0001\0002\000.\0002\000.\0002\000\040\000g\000e\000t\000S\000t\000r\000a\000t\000e\000g\000y\000N\000a\000m\000e\000\050\000\051}{subsection.4.12.2}% 87
\BOOKMARK [2][-]{subsection.4.12.3}{\376\377\0004\000.\0001\0002\000.\0003\000\040\000M\000e\000m\000b\000e\000r\000\040\000D\000a\000t\000a\000\040\000D\000o\000c\000u\000m\000e\000n\000t\000a\000t\000i\000o\000n}{section.4.12}% 88
\BOOKMARK [3][-]{subsubsection.4.12.3.1}{\376\377\0004\000.\0001\0002\000.\0003\000.\0001\000\040\000c\000u\000r\000r\000e\000n\000t\000P\000l\000a\000n\000t}{subsection.4.12.3}% 89
\BOOKMARK [1][-]{section.4.13}{\376\377\0004\000.\0001\0003\000\040\000F\000l\000o\000o\000r\000E\000m\000p\000l\000o\000y\000e\000e\000\040\000C\000l\000a\000s\000s\000\040\000R\000e\000f\000e\000r\000e\000n\000c\000e}{chapter.4}% 90
\BOOKMARK [2][-]{subsection.4.13.1}{\376\377\0004\000.\0001\0003\000.\0001\000\040\000D\000e\000t\000a\000i\000l\000e\000d\000\040\000D\000e\000s\000c\000r\000i\000p\000t\000i\000o\000n}{section.4.13}% 91
\BOOKMARK [2][-]{subsection.4.13.2}{\376\377\0004\000.\0001\0003\000.\0002\000\040\000C\000o\000n\000s\000t\000r\000u\000c\000t\000o\000r\000\040\000\046\000\040\000D\000e\000s\000t\000r\000u\000c\000t\000o\000r\000\040\000D\000o\000c\000u\000m\000e\000n\000t\000a\000t\000i\000o\000n}{section.4.13}% 92
\BOOKMARK [3][-]{subsubsection.4.13.2.1}{\376\377\0004\000.\0001\0003\000.\0002\000.\0001\000\040\000F\000l\000o\000o\000r\000E\000m\000p\000l\000o\000y\000e\000e\000\050\000\051}{subsection.4.13.2}% 93
\BOOKMARK [2][-]{subsection.4.13.3}{\376\377\0004\000.\0001\0003\000.\0003\000\040\000M\000e\000m\000b\000e\000r\000\040\000F\000u\000n\000c\000t\000i\000o\000n\000\040\000D\000o\000c\000u\000m\000e\000n\000t\000a\000t\000i\000o\000n}{section.4.13}% 94
\BOOKMARK [3][-]{subsubsection.4.13.3.1}{\376\377\0004\000.\0001\0003\000.\0003\000.\0001\000\040\000r\000e\000p\000l\000y\000\050\000\051}{subsection.4.13.3}% 95
\BOOKMARK [3][-]{subsubsection.4.13.3.2}{\376\377\0004\000.\0001\0003\000.\0003\000.\0002\000\040\000s\000t\000a\000f\000f\000C\000a\000n\000H\000a\000n\000d\000l\000e\000\050\000\051}{subsection.4.13.3}% 96
\BOOKMARK [1][-]{section.4.14}{\376\377\0004\000.\0001\0004\000\040\000F\000l\000o\000o\000r\000M\000a\000n\000a\000g\000e\000r\000\040\000C\000l\000a\000s\000s\000\040\000R\000e\000f\000e\000r\000e\000n\000c\000e}{chapter.4}% 97
\BOOKMARK [2][-]{subsection.4.14.1}{\376\377\0004\000.\0001\0004\000.\0001\000\040\000D\000e\000t\000a\000i\000l\000e\000d\000\040\000D\000e\000s\000c\000r\000i\000p\000t\000i\000o\000n}{section.4.14}% 98
\BOOKMARK [2][-]{subsection.4.14.2}{\376\377\0004\000.\0001\0004\000.\0002\000\040\000C\000o\000n\000s\000t\000r\000u\000c\000t\000o\000r\000\040\000\046\000\040\000D\000e\000s\000t\000r\000u\000c\000t\000o\000r\000\040\000D\000o\000c\000u\000m\000e\000n\000t\000a\000t\000i\000o\000n}{section.4.14}% 99
\BOOKMARK [3][-]{subsubsection.4.14.2.1}{\376\377\0004\000.\0001\0004\000.\0002\000.\0001\000\040\000F\000l\000o\000o\000r\000M\000a\000n\000a\000g\000e\000r\000\050\000\051}{subsection.4.14.2}% 100
\BOOKMARK [2][-]{subsection.4.14.3}{\376\377\0004\000.\0001\0004\000.\0003\000\040\000M\000e\000m\000b\000e\000r\000\040\000F\000u\000n\000c\000t\000i\000o\000n\000\040\000D\000o\000c\000u\000m\000e\000n\000t\000a\000t\000i\000o\000n}{section.4.14}% 101
\BOOKMARK [3][-]{subsubsection.4.14.3.1}{\376\377\0004\000.\0001\0004\000.\0003\000.\0001\000\040\000r\000e\000p\000l\000y\000\050\000\051}{subsection.4.14.3}% 102
\BOOKMARK [3][-]{subsubsection.4.14.3.2}{\376\377\0004\000.\0001\0004\000.\0003\000.\0002\000\040\000s\000t\000a\000f\000f\000C\000a\000n\000H\000a\000n\000d\000l\000e\000\050\000\051}{subsection.4.14.3}% 103
\BOOKMARK [1][-]{section.4.15}{\376\377\0004\000.\0001\0005\000\040\000F\000l\000o\000o\000r\000S\000t\000a\000f\000f\000\040\000C\000l\000a\000s\000s\000\040\000R\000e\000f\000e\000r\000e\000n\000c\000e}{chapter.4}% 104
\BOOKMARK [2][-]{subsection.4.15.1}{\376\377\0004\000.\0001\0005\000.\0001\000\040\000D\000e\000t\000a\000i\000l\000e\000d\000\040\000D\000e\000s\000c\000r\000i\000p\000t\000i\000o\000n}{section.4.15}% 105
\BOOKMARK [2][-]{subsection.4.15.2}{\376\377\0004\000.\0001\0005\000.\0002\000\040\000C\000o\000n\000s\000t\000r\000u\000c\000t\000o\000r\000\040\000\046\000\040\000D\000e\000s\000t\000r\000u\000c\000t\000o\000r\000\040\000D\000o\000c\000u\000m\000e\000n\000t\000a\000t\000i\000o\000n}{section.4.15}% 106
\BOOKMARK [3][-]{subsubsection.4.15.2.1}{\376\377\0004\000.\0001\0005\000.\0002\000.\0001\000\040\000F\000l\000o\000o\000r\000S\000t\000a\000f\000f\000\050\000\051}{subsection.4.15.2}% 107
\BOOKMARK [2][-]{subsection.4.15.3}{\376\377\0004\000.\0001\0005\000.\0003\000\040\000M\000e\000m\000b\000e\000r\000\040\000F\000u\000n\000c\000t\000i\000o\000n\000\040\000D\000o\000c\000u\000m\000e\000n\000t\000a\000t\000i\000o\000n}{section.4.15}% 108
\BOOKMARK [3][-]{subsubsection.4.15.3.1}{\376\377\0004\000.\0001\0005\000.\0003\000.\0001\000\040\000h\000a\000n\000d\000l\000e\000Q\000u\000e\000r\000y\000\050\000\051}{subsection.4.15.3}% 109
\BOOKMARK [3][-]{subsubsection.4.15.3.2}{\376\377\0004\000.\0001\0005\000.\0003\000.\0002\000\040\000r\000e\000p\000l\000y\000\050\000\051}{subsection.4.15.3}% 110
\BOOKMARK [3][-]{subsubsection.4.15.3.3}{\376\377\0004\000.\0001\0005\000.\0003\000.\0003\000\040\000s\000t\000a\000f\000f\000C\000a\000n\000H\000a\000n\000d\000l\000e\000\050\000\051}{subsection.4.15.3}% 111
\BOOKMARK [1][-]{section.4.16}{\376\377\0004\000.\0001\0006\000\040\000F\000l\000o\000w\000e\000r\000F\000a\000c\000t\000o\000r\000y\000\040\000C\000l\000a\000s\000s\000\040\000R\000e\000f\000e\000r\000e\000n\000c\000e}{chapter.4}% 112
\BOOKMARK [2][-]{subsection.4.16.1}{\376\377\0004\000.\0001\0006\000.\0001\000\040\000D\000e\000t\000a\000i\000l\000e\000d\000\040\000D\000e\000s\000c\000r\000i\000p\000t\000i\000o\000n}{section.4.16}% 113
\BOOKMARK [2][-]{subsection.4.16.2}{\376\377\0004\000.\0001\0006\000.\0002\000\040\000M\000e\000m\000b\000e\000r\000\040\000F\000u\000n\000c\000t\000i\000o\000n\000\040\000D\000o\000c\000u\000m\000e\000n\000t\000a\000t\000i\000o\000n}{section.4.16}% 114
\BOOKMARK [3][-]{subsubsection.4.16.2.1}{\376\377\0004\000.\0001\0006\000.\0002\000.\0001\000\040\000c\000r\000e\000a\000t\000e\000P\000l\000a\000n\000t\000\050\000\051}{subsection.4.16.2}% 115
\BOOKMARK [1][-]{section.4.17}{\376\377\0004\000.\0001\0007\000\040\000F\000u\000l\000l\000S\000u\000n\000S\000t\000r\000a\000t\000e\000g\000y\000\040\000C\000l\000a\000s\000s\000\040\000R\000e\000f\000e\000r\000e\000n\000c\000e}{chapter.4}% 116
\BOOKMARK [2][-]{subsection.4.17.1}{\376\377\0004\000.\0001\0007\000.\0001\000\040\000D\000e\000t\000a\000i\000l\000e\000d\000\040\000D\000e\000s\000c\000r\000i\000p\000t\000i\000o\000n}{section.4.17}% 117
\BOOKMARK [2][-]{subsection.4.17.2}{\376\377\0004\000.\0001\0007\000.\0002\000\040\000M\000e\000m\000b\000e\000r\000\040\000F\000u\000n\000c\000t\000i\000o\000n\000\040\000D\000o\000c\000u\000m\000e\000n\000t\000a\000t\000i\000o\000n}{section.4.17}% 118
\BOOKMARK [3][-]{subsubsection.4.17.2.1}{\376\377\0004\000.\0001\0007\000.\0002\000.\0001\000\040\000a\000p\000p\000l\000y\000S\000u\000n\000l\000i\000g\000h\000t\000\050\000\051}{subsection.4.17.2}% 119
\BOOKMARK [3][-]{subsubsection.4.17.2.2}{\376\377\0004\000.\0001\0007\000.\0002\000.\0002\000\040\000g\000e\000t\000S\000t\000r\000a\000t\000e\000g\000y\000N\000a\000m\000e\000\050\000\051}{subsection.4.17.2}% 120
\BOOKMARK [1][-]{section.4.18}{\376\377\0004\000.\0001\0008\000\040\000G\000i\000f\000t\000W\000r\000a\000p\000\040\000C\000l\000a\000s\000s\000\040\000R\000e\000f\000e\000r\000e\000n\000c\000e}{chapter.4}% 121
\BOOKMARK [2][-]{subsection.4.18.1}{\376\377\0004\000.\0001\0008\000.\0001\000\040\000D\000e\000t\000a\000i\000l\000e\000d\000\040\000D\000e\000s\000c\000r\000i\000p\000t\000i\000o\000n}{section.4.18}% 122
\BOOKMARK [2][-]{subsection.4.18.2}{\376\377\0004\000.\0001\0008\000.\0002\000\040\000C\000o\000n\000s\000t\000r\000u\000c\000t\000o\000r\000\040\000\046\000\040\000D\000e\000s\000t\000r\000u\000c\000t\000o\000r\000\040\000D\000o\000c\000u\000m\000e\000n\000t\000a\000t\000i\000o\000n}{section.4.18}% 123
\BOOKMARK [3][-]{subsubsection.4.18.2.1}{\376\377\0004\000.\0001\0008\000.\0002\000.\0001\000\040\000G\000i\000f\000t\000W\000r\000a\000p\000\050\000\051}{subsection.4.18.2}% 124
\BOOKMARK [2][-]{subsection.4.18.3}{\376\377\0004\000.\0001\0008\000.\0003\000\040\000M\000e\000m\000b\000e\000r\000\040\000F\000u\000n\000c\000t\000i\000o\000n\000\040\000D\000o\000c\000u\000m\000e\000n\000t\000a\000t\000i\000o\000n}{section.4.18}% 125
\BOOKMARK [3][-]{subsubsection.4.18.3.1}{\376\377\0004\000.\0001\0008\000.\0003\000.\0001\000\040\000g\000e\000t\000D\000e\000s\000c\000r\000i\000p\000t\000i\000o\000n\000\050\000\051}{subsection.4.18.3}% 126
\BOOKMARK [3][-]{subsubsection.4.18.3.2}{\376\377\0004\000.\0001\0008\000.\0003\000.\0002\000\040\000g\000e\000t\000P\000r\000i\000c\000e\000\050\000\051}{subsection.4.18.3}% 127
\BOOKMARK [1][-]{section.4.19}{\376\377\0004\000.\0001\0009\000\040\000G\000r\000e\000e\000n\000h\000o\000u\000s\000e\000U\000n\000i\000t\000T\000e\000s\000t\000\040\000C\000l\000a\000s\000s\000\040\000R\000e\000f\000e\000r\000e\000n\000c\000e}{chapter.4}% 128
\BOOKMARK [2][-]{subsection.4.19.1}{\376\377\0004\000.\0001\0009\000.\0001\000\040\000D\000e\000t\000a\000i\000l\000e\000d\000\040\000D\000e\000s\000c\000r\000i\000p\000t\000i\000o\000n}{section.4.19}% 129
\BOOKMARK [1][-]{section.4.20}{\376\377\0004\000.\0002\0000\000\040\000H\000i\000g\000h\000W\000a\000t\000e\000r\000S\000t\000r\000a\000t\000e\000g\000y\000\040\000C\000l\000a\000s\000s\000\040\000R\000e\000f\000e\000r\000e\000n\000c\000e}{chapter.4}% 130
\BOOKMARK [2][-]{subsection.4.20.1}{\376\377\0004\000.\0002\0000\000.\0001\000\040\000D\000e\000t\000a\000i\000l\000e\000d\000\040\000D\000e\000s\000c\000r\000i\000p\000t\000i\000o\000n}{section.4.20}% 131
\BOOKMARK [2][-]{subsection.4.20.2}{\376\377\0004\000.\0002\0000\000.\0002\000\040\000M\000e\000m\000b\000e\000r\000\040\000F\000u\000n\000c\000t\000i\000o\000n\000\040\000D\000o\000c\000u\000m\000e\000n\000t\000a\000t\000i\000o\000n}{section.4.20}% 132
\BOOKMARK [3][-]{subsubsection.4.20.2.1}{\376\377\0004\000.\0002\0000\000.\0002\000.\0001\000\040\000a\000p\000p\000l\000y\000W\000a\000t\000e\000r\000\050\000\051}{subsection.4.20.2}% 133
\BOOKMARK [3][-]{subsubsection.4.20.2.2}{\376\377\0004\000.\0002\0000\000.\0002\000.\0002\000\040\000g\000e\000t\000S\000t\000r\000a\000t\000e\000g\000y\000N\000a\000m\000e\000\050\000\051}{subsection.4.20.2}% 134
\BOOKMARK [1][-]{section.4.21}{\376\377\0004\000.\0002\0001\000\040\000I\000n\000o\000r\000g\000a\000n\000i\000c\000F\000e\000r\000t\000i\000l\000i\000z\000e\000r\000\040\000C\000l\000a\000s\000s\000\040\000R\000e\000f\000e\000r\000e\000n\000c\000e}{chapter.4}% 135
\BOOKMARK [2][-]{subsection.4.21.1}{\376\377\0004\000.\0002\0001\000.\0001\000\040\000D\000e\000t\000a\000i\000l\000e\000d\000\040\000D\000e\000s\000c\000r\000i\000p\000t\000i\000o\000n}{section.4.21}% 136
\BOOKMARK [2][-]{subsection.4.21.2}{\376\377\0004\000.\0002\0001\000.\0002\000\040\000M\000e\000m\000b\000e\000r\000\040\000F\000u\000n\000c\000t\000i\000o\000n\000\040\000D\000o\000c\000u\000m\000e\000n\000t\000a\000t\000i\000o\000n}{section.4.21}% 137
\BOOKMARK [3][-]{subsubsection.4.21.2.1}{\376\377\0004\000.\0002\0001\000.\0002\000.\0001\000\040\000a\000p\000p\000l\000y\000F\000e\000r\000t\000i\000l\000i\000z\000e\000r\000\050\000\051}{subsection.4.21.2}% 138
\BOOKMARK [3][-]{subsubsection.4.21.2.2}{\376\377\0004\000.\0002\0001\000.\0002\000.\0002\000\040\000g\000e\000t\000S\000t\000r\000a\000t\000e\000g\000y\000N\000a\000m\000e\000\050\000\051}{subsection.4.21.2}% 139
\BOOKMARK [1][-]{section.4.22}{\376\377\0004\000.\0002\0002\000\040\000I\000n\000v\000e\000n\000t\000o\000r\000y\000O\000b\000s\000e\000r\000v\000e\000r\000\040\000C\000l\000a\000s\000s\000\040\000R\000e\000f\000e\000r\000e\000n\000c\000e}{chapter.4}% 140
\BOOKMARK [2][-]{subsection.4.22.1}{\376\377\0004\000.\0002\0002\000.\0001\000\040\000D\000e\000t\000a\000i\000l\000e\000d\000\040\000D\000e\000s\000c\000r\000i\000p\000t\000i\000o\000n}{section.4.22}% 141
\BOOKMARK [2][-]{subsection.4.22.2}{\376\377\0004\000.\0002\0002\000.\0002\000\040\000C\000o\000n\000s\000t\000r\000u\000c\000t\000o\000r\000\040\000\046\000\040\000D\000e\000s\000t\000r\000u\000c\000t\000o\000r\000\040\000D\000o\000c\000u\000m\000e\000n\000t\000a\000t\000i\000o\000n}{section.4.22}% 142
\BOOKMARK [3][-]{subsubsection.4.22.2.1}{\376\377\0004\000.\0002\0002\000.\0002\000.\0001\000\040\000I\000n\000v\000e\000n\000t\000o\000r\000y\000O\000b\000s\000e\000r\000v\000e\000r\000\050\000\051}{subsection.4.22.2}% 143
\BOOKMARK [1][-]{section.4.23}{\376\377\0004\000.\0002\0003\000\040\000I\000n\000v\000e\000n\000t\000o\000r\000y\000P\000r\000o\000x\000y\000\040\000C\000l\000a\000s\000s\000\040\000R\000e\000f\000e\000r\000e\000n\000c\000e}{chapter.4}% 144
\BOOKMARK [2][-]{subsection.4.23.1}{\376\377\0004\000.\0002\0003\000.\0001\000\040\000D\000e\000t\000a\000i\000l\000e\000d\000\040\000D\000e\000s\000c\000r\000i\000p\000t\000i\000o\000n}{section.4.23}% 145
\BOOKMARK [2][-]{subsection.4.23.2}{\376\377\0004\000.\0002\0003\000.\0002\000\040\000C\000o\000n\000s\000t\000r\000u\000c\000t\000o\000r\000\040\000\046\000\040\000D\000e\000s\000t\000r\000u\000c\000t\000o\000r\000\040\000D\000o\000c\000u\000m\000e\000n\000t\000a\000t\000i\000o\000n}{section.4.23}% 146
\BOOKMARK [3][-]{subsubsection.4.23.2.1}{\376\377\0004\000.\0002\0003\000.\0002\000.\0001\000\040\000I\000n\000v\000e\000n\000t\000o\000r\000y\000P\000r\000o\000x\000y\000\050\000\051}{subsection.4.23.2}% 147
\BOOKMARK [2][-]{subsection.4.23.3}{\376\377\0004\000.\0002\0003\000.\0003\000\040\000M\000e\000m\000b\000e\000r\000\040\000F\000u\000n\000c\000t\000i\000o\000n\000\040\000D\000o\000c\000u\000m\000e\000n\000t\000a\000t\000i\000o\000n}{section.4.23}% 148
\BOOKMARK [3][-]{subsubsection.4.23.3.1}{\376\377\0004\000.\0002\0003\000.\0003\000.\0001\000\040\000a\000d\000d\000S\000t\000o\000c\000k\000\050\000\051}{subsection.4.23.3}% 149
\BOOKMARK [3][-]{subsubsection.4.23.3.2}{\376\377\0004\000.\0002\0003\000.\0003\000.\0002\000\040\000b\000u\000y\000P\000l\000a\000n\000t\000\050\000\051}{subsection.4.23.3}% 150
\BOOKMARK [3][-]{subsubsection.4.23.3.3}{\376\377\0004\000.\0002\0003\000.\0003\000.\0003\000\040\000r\000e\000m\000o\000v\000e\000S\000t\000o\000c\000k\000\050\000\051}{subsection.4.23.3}% 151
\BOOKMARK [1][-]{section.4.24}{\376\377\0004\000.\0002\0004\000\040\000I\000t\000e\000m\000Q\000u\000e\000r\000y\000B\000u\000i\000l\000d\000e\000r\000\040\000C\000l\000a\000s\000s\000\040\000R\000e\000f\000e\000r\000e\000n\000c\000e}{chapter.4}% 152
\BOOKMARK [2][-]{subsection.4.24.1}{\376\377\0004\000.\0002\0004\000.\0001\000\040\000D\000e\000t\000a\000i\000l\000e\000d\000\040\000D\000e\000s\000c\000r\000i\000p\000t\000i\000o\000n}{section.4.24}% 153
\BOOKMARK [2][-]{subsection.4.24.2}{\376\377\0004\000.\0002\0004\000.\0002\000\040\000M\000e\000m\000b\000e\000r\000\040\000F\000u\000n\000c\000t\000i\000o\000n\000\040\000D\000o\000c\000u\000m\000e\000n\000t\000a\000t\000i\000o\000n}{section.4.24}% 154
\BOOKMARK [3][-]{subsubsection.4.24.2.1}{\376\377\0004\000.\0002\0004\000.\0002\000.\0001\000\040\000s\000e\000t\000I\000t\000e\000m\000\050\000\051}{subsection.4.24.2}% 155
\BOOKMARK [3][-]{subsubsection.4.24.2.2}{\376\377\0004\000.\0002\0004\000.\0002\000.\0002\000\040\000s\000e\000t\000Q\000u\000e\000s\000t\000i\000o\000n\000\050\000\051}{subsection.4.24.2}% 156
\BOOKMARK [3][-]{subsubsection.4.24.2.3}{\376\377\0004\000.\0002\0004\000.\0002\000.\0003\000\040\000s\000e\000t\000T\000y\000p\000e\000\050\000\051}{subsection.4.24.2}% 157
\BOOKMARK [1][-]{section.4.25}{\376\377\0004\000.\0002\0005\000\040\000L\000i\000f\000e\000C\000y\000c\000l\000e\000O\000b\000s\000e\000r\000v\000e\000r\000\040\000C\000l\000a\000s\000s\000\040\000R\000e\000f\000e\000r\000e\000n\000c\000e}{chapter.4}% 158
\BOOKMARK [2][-]{subsection.4.25.1}{\376\377\0004\000.\0002\0005\000.\0001\000\040\000D\000e\000t\000a\000i\000l\000e\000d\000\040\000D\000e\000s\000c\000r\000i\000p\000t\000i\000o\000n}{section.4.25}% 159
\BOOKMARK [2][-]{subsection.4.25.2}{\376\377\0004\000.\0002\0005\000.\0002\000\040\000M\000e\000m\000b\000e\000r\000\040\000F\000u\000n\000c\000t\000i\000o\000n\000\040\000D\000o\000c\000u\000m\000e\000n\000t\000a\000t\000i\000o\000n}{section.4.25}% 160
\BOOKMARK [3][-]{subsubsection.4.25.2.1}{\376\377\0004\000.\0002\0005\000.\0002\000.\0001\000\040\000u\000p\000d\000a\000t\000e\000\050\000\051}{subsection.4.25.2}% 161
\BOOKMARK [1][-]{section.4.26}{\376\377\0004\000.\0002\0006\000\040\000L\000o\000w\000W\000a\000t\000e\000r\000S\000t\000r\000a\000t\000e\000g\000y\000\040\000C\000l\000a\000s\000s\000\040\000R\000e\000f\000e\000r\000e\000n\000c\000e}{chapter.4}% 162
\BOOKMARK [2][-]{subsection.4.26.1}{\376\377\0004\000.\0002\0006\000.\0001\000\040\000D\000e\000t\000a\000i\000l\000e\000d\000\040\000D\000e\000s\000c\000r\000i\000p\000t\000i\000o\000n}{section.4.26}% 163
\BOOKMARK [2][-]{subsection.4.26.2}{\376\377\0004\000.\0002\0006\000.\0002\000\040\000M\000e\000m\000b\000e\000r\000\040\000F\000u\000n\000c\000t\000i\000o\000n\000\040\000D\000o\000c\000u\000m\000e\000n\000t\000a\000t\000i\000o\000n}{section.4.26}% 164
\BOOKMARK [3][-]{subsubsection.4.26.2.1}{\376\377\0004\000.\0002\0006\000.\0002\000.\0001\000\040\000a\000p\000p\000l\000y\000W\000a\000t\000e\000r\000\050\000\051}{subsection.4.26.2}% 165
\BOOKMARK [3][-]{subsubsection.4.26.2.2}{\376\377\0004\000.\0002\0006\000.\0002\000.\0002\000\040\000g\000e\000t\000S\000t\000r\000a\000t\000e\000g\000y\000N\000a\000m\000e\000\050\000\051}{subsection.4.26.2}% 166
\BOOKMARK [1][-]{section.4.27}{\376\377\0004\000.\0002\0007\000\040\000M\000a\000n\000a\000g\000e\000r\000f\000a\000c\000t\000o\000r\000y\000\040\000C\000l\000a\000s\000s\000\040\000R\000e\000f\000e\000r\000e\000n\000c\000e}{chapter.4}% 167
\BOOKMARK [2][-]{subsection.4.27.1}{\376\377\0004\000.\0002\0007\000.\0001\000\040\000M\000e\000m\000b\000e\000r\000\040\000F\000u\000n\000c\000t\000i\000o\000n\000\040\000D\000o\000c\000u\000m\000e\000n\000t\000a\000t\000i\000o\000n}{section.4.27}% 168
\BOOKMARK [3][-]{subsubsection.4.27.1.1}{\376\377\0004\000.\0002\0007\000.\0001\000.\0001\000\040\000c\000r\000e\000a\000t\000e\000F\000l\000o\000o\000r\000S\000t\000a\000f\000f\000\050\000\051}{subsection.4.27.1}% 169
\BOOKMARK [3][-]{subsubsection.4.27.1.2}{\376\377\0004\000.\0002\0007\000.\0001\000.\0002\000\040\000c\000r\000e\000a\000t\000e\000S\000a\000l\000e\000s\000S\000t\000a\000f\000f\000\050\000\051}{subsection.4.27.1}% 170
\BOOKMARK [1][-]{section.4.28}{\376\377\0004\000.\0002\0008\000\040\000M\000a\000n\000a\000g\000e\000r\000f\000a\000c\000t\000o\000r\000y\000\040\000C\000l\000a\000s\000s\000\040\000R\000e\000f\000e\000r\000e\000n\000c\000e}{chapter.4}% 171
\BOOKMARK [2][-]{subsection.4.28.1}{\376\377\0004\000.\0002\0008\000.\0001\000\040\000M\000e\000m\000b\000e\000r\000\040\000F\000u\000n\000c\000t\000i\000o\000n\000\040\000D\000o\000c\000u\000m\000e\000n\000t\000a\000t\000i\000o\000n}{section.4.28}% 172
\BOOKMARK [3][-]{subsubsection.4.28.1.1}{\376\377\0004\000.\0002\0008\000.\0001\000.\0001\000\040\000c\000r\000e\000a\000t\000e\000F\000l\000o\000o\000r\000S\000t\000a\000f\000f\000\050\000\051}{subsection.4.28.1}% 173
\BOOKMARK [3][-]{subsubsection.4.28.1.2}{\376\377\0004\000.\0002\0008\000.\0001\000.\0002\000\040\000c\000r\000e\000a\000t\000e\000S\000a\000l\000e\000s\000S\000t\000a\000f\000f\000\050\000\051}{subsection.4.28.1}% 174
\BOOKMARK [1][-]{section.4.29}{\376\377\0004\000.\0002\0009\000\040\000M\000a\000t\000u\000r\000e\000S\000t\000a\000t\000e\000\040\000C\000l\000a\000s\000s\000\040\000R\000e\000f\000e\000r\000e\000n\000c\000e}{chapter.4}% 175
\BOOKMARK [2][-]{subsection.4.29.1}{\376\377\0004\000.\0002\0009\000.\0001\000\040\000D\000e\000t\000a\000i\000l\000e\000d\000\040\000D\000e\000s\000c\000r\000i\000p\000t\000i\000o\000n}{section.4.29}% 176
\BOOKMARK [2][-]{subsection.4.29.2}{\376\377\0004\000.\0002\0009\000.\0002\000\040\000M\000e\000m\000b\000e\000r\000\040\000F\000u\000n\000c\000t\000i\000o\000n\000\040\000D\000o\000c\000u\000m\000e\000n\000t\000a\000t\000i\000o\000n}{section.4.29}% 177
\BOOKMARK [3][-]{subsubsection.4.29.2.1}{\376\377\0004\000.\0002\0009\000.\0002\000.\0001\000\040\000a\000p\000p\000l\000y\000C\000a\000r\000e\000\050\000\051}{subsection.4.29.2}% 178
\BOOKMARK [3][-]{subsubsection.4.29.2.2}{\376\377\0004\000.\0002\0009\000.\0002\000.\0002\000\040\000e\000v\000a\000l\000u\000a\000t\000e\000\050\000\051}{subsection.4.29.2}% 179
\BOOKMARK [3][-]{subsubsection.4.29.2.3}{\376\377\0004\000.\0002\0009\000.\0002\000.\0003\000\040\000g\000e\000t\000N\000a\000m\000e\000\050\000\051}{subsection.4.29.2}% 180
\BOOKMARK [1][-]{section.4.30}{\376\377\0004\000.\0003\0000\000\040\000M\000e\000d\000i\000u\000m\000W\000a\000t\000e\000r\000S\000t\000r\000a\000t\000e\000g\000y\000\040\000C\000l\000a\000s\000s\000\040\000R\000e\000f\000e\000r\000e\000n\000c\000e}{chapter.4}% 181
\BOOKMARK [2][-]{subsection.4.30.1}{\376\377\0004\000.\0003\0000\000.\0001\000\040\000D\000e\000t\000a\000i\000l\000e\000d\000\040\000D\000e\000s\000c\000r\000i\000p\000t\000i\000o\000n}{section.4.30}% 182
\BOOKMARK [2][-]{subsection.4.30.2}{\376\377\0004\000.\0003\0000\000.\0002\000\040\000M\000e\000m\000b\000e\000r\000\040\000F\000u\000n\000c\000t\000i\000o\000n\000\040\000D\000o\000c\000u\000m\000e\000n\000t\000a\000t\000i\000o\000n}{section.4.30}% 183
\BOOKMARK [3][-]{subsubsection.4.30.2.1}{\376\377\0004\000.\0003\0000\000.\0002\000.\0001\000\040\000a\000p\000p\000l\000y\000W\000a\000t\000e\000r\000\050\000\051}{subsection.4.30.2}% 184
\BOOKMARK [3][-]{subsubsection.4.30.2.2}{\376\377\0004\000.\0003\0000\000.\0002\000.\0002\000\040\000g\000e\000t\000S\000t\000r\000a\000t\000e\000g\000y\000N\000a\000m\000e\000\050\000\051}{subsection.4.30.2}% 185
\BOOKMARK [1][-]{section.4.31}{\376\377\0004\000.\0003\0001\000\040\000M\000i\000s\000c\000Q\000u\000e\000r\000y\000B\000u\000i\000l\000d\000e\000r\000\040\000C\000l\000a\000s\000s\000\040\000R\000e\000f\000e\000r\000e\000n\000c\000e}{chapter.4}% 186
\BOOKMARK [2][-]{subsection.4.31.1}{\376\377\0004\000.\0003\0001\000.\0001\000\040\000D\000e\000t\000a\000i\000l\000e\000d\000\040\000D\000e\000s\000c\000r\000i\000p\000t\000i\000o\000n}{section.4.31}% 187
\BOOKMARK [2][-]{subsection.4.31.2}{\376\377\0004\000.\0003\0001\000.\0002\000\040\000M\000e\000m\000b\000e\000r\000\040\000F\000u\000n\000c\000t\000i\000o\000n\000\040\000D\000o\000c\000u\000m\000e\000n\000t\000a\000t\000i\000o\000n}{section.4.31}% 188
\BOOKMARK [3][-]{subsubsection.4.31.2.1}{\376\377\0004\000.\0003\0001\000.\0002\000.\0001\000\040\000s\000e\000t\000I\000t\000e\000m\000\050\000\051}{subsection.4.31.2}% 189
\BOOKMARK [3][-]{subsubsection.4.31.2.2}{\376\377\0004\000.\0003\0001\000.\0002\000.\0002\000\040\000s\000e\000t\000Q\000u\000e\000s\000t\000i\000o\000n\000\050\000\051}{subsection.4.31.2}% 190
\BOOKMARK [3][-]{subsubsection.4.31.2.3}{\376\377\0004\000.\0003\0001\000.\0002\000.\0003\000\040\000s\000e\000t\000T\000y\000p\000e\000\050\000\051}{subsection.4.31.2}% 191
\BOOKMARK [1][-]{section.4.32}{\376\377\0004\000.\0003\0002\000\040\000O\000a\000k\000\040\000C\000l\000a\000s\000s\000\040\000R\000e\000f\000e\000r\000e\000n\000c\000e}{chapter.4}% 192
\BOOKMARK [2][-]{subsection.4.32.1}{\376\377\0004\000.\0003\0002\000.\0001\000\040\000D\000e\000t\000a\000i\000l\000e\000d\000\040\000D\000e\000s\000c\000r\000i\000p\000t\000i\000o\000n}{section.4.32}% 193
\BOOKMARK [2][-]{subsection.4.32.2}{\376\377\0004\000.\0003\0002\000.\0002\000\040\000C\000o\000n\000s\000t\000r\000u\000c\000t\000o\000r\000\040\000\046\000\040\000D\000e\000s\000t\000r\000u\000c\000t\000o\000r\000\040\000D\000o\000c\000u\000m\000e\000n\000t\000a\000t\000i\000o\000n}{section.4.32}% 194
\BOOKMARK [3][-]{subsubsection.4.32.2.1}{\376\377\0004\000.\0003\0002\000.\0002\000.\0001\000\040\000O\000a\000k\000\050\000\051}{subsection.4.32.2}% 195
\BOOKMARK [1][-]{section.4.33}{\376\377\0004\000.\0003\0003\000\040\000O\000r\000d\000e\000r\000\040\000C\000l\000a\000s\000s\000\040\000R\000e\000f\000e\000r\000e\000n\000c\000e}{chapter.4}% 196
\BOOKMARK [2][-]{subsection.4.33.1}{\376\377\0004\000.\0003\0003\000.\0001\000\040\000D\000e\000t\000a\000i\000l\000e\000d\000\040\000D\000e\000s\000c\000r\000i\000p\000t\000i\000o\000n}{section.4.33}% 197
\BOOKMARK [2][-]{subsection.4.33.2}{\376\377\0004\000.\0003\0003\000.\0002\000\040\000C\000o\000n\000s\000t\000r\000u\000c\000t\000o\000r\000\040\000\046\000\040\000D\000e\000s\000t\000r\000u\000c\000t\000o\000r\000\040\000D\000o\000c\000u\000m\000e\000n\000t\000a\000t\000i\000o\000n}{section.4.33}% 198
\BOOKMARK [3][-]{subsubsection.4.33.2.1}{\376\377\0004\000.\0003\0003\000.\0002\000.\0001\000\040\000O\000r\000d\000e\000r\000\050\000\051}{subsection.4.33.2}% 199
\BOOKMARK [2][-]{subsection.4.33.3}{\376\377\0004\000.\0003\0003\000.\0003\000\040\000M\000e\000m\000b\000e\000r\000\040\000F\000u\000n\000c\000t\000i\000o\000n\000\040\000D\000o\000c\000u\000m\000e\000n\000t\000a\000t\000i\000o\000n}{section.4.33}% 200
\BOOKMARK [3][-]{subsubsection.4.33.3.1}{\376\377\0004\000.\0003\0003\000.\0003\000.\0001\000\040\000a\000d\000d\000T\000r\000a\000n\000s\000a\000c\000t\000i\000o\000n\000\050\000\051}{subsection.4.33.3}% 201
\BOOKMARK [3][-]{subsubsection.4.33.3.2}{\376\377\0004\000.\0003\0003\000.\0003\000.\0002\000\040\000g\000e\000t\000C\000u\000s\000t\000o\000m\000e\000r\000\050\000\051}{subsection.4.33.3}% 202
\BOOKMARK [3][-]{subsubsection.4.33.3.3}{\376\377\0004\000.\0003\0003\000.\0003\000.\0003\000\040\000g\000e\000t\000O\000r\000d\000e\000r\000I\000d\000\050\000\051}{subsection.4.33.3}% 203
\BOOKMARK [3][-]{subsubsection.4.33.3.4}{\376\377\0004\000.\0003\0003\000.\0003\000.\0004\000\040\000g\000e\000t\000S\000t\000a\000t\000u\000s\000\050\000\051}{subsection.4.33.3}% 204
\BOOKMARK [1][-]{section.4.34}{\376\377\0004\000.\0003\0004\000\040\000O\000r\000g\000a\000n\000i\000c\000F\000e\000r\000t\000i\000l\000i\000z\000e\000r\000\040\000C\000l\000a\000s\000s\000\040\000R\000e\000f\000e\000r\000e\000n\000c\000e}{chapter.4}% 205
\BOOKMARK [2][-]{subsection.4.34.1}{\376\377\0004\000.\0003\0004\000.\0001\000\040\000D\000e\000t\000a\000i\000l\000e\000d\000\040\000D\000e\000s\000c\000r\000i\000p\000t\000i\000o\000n}{section.4.34}% 206
\BOOKMARK [2][-]{subsection.4.34.2}{\376\377\0004\000.\0003\0004\000.\0002\000\040\000M\000e\000m\000b\000e\000r\000\040\000F\000u\000n\000c\000t\000i\000o\000n\000\040\000D\000o\000c\000u\000m\000e\000n\000t\000a\000t\000i\000o\000n}{section.4.34}% 207
\BOOKMARK [3][-]{subsubsection.4.34.2.1}{\376\377\0004\000.\0003\0004\000.\0002\000.\0001\000\040\000a\000p\000p\000l\000y\000F\000e\000r\000t\000i\000l\000i\000z\000e\000r\000\050\000\051}{subsection.4.34.2}% 208
\BOOKMARK [3][-]{subsubsection.4.34.2.2}{\376\377\0004\000.\0003\0004\000.\0002\000.\0002\000\040\000g\000e\000t\000S\000t\000r\000a\000t\000e\000g\000y\000N\000a\000m\000e\000\050\000\051}{subsection.4.34.2}% 209
\BOOKMARK [1][-]{section.4.35}{\376\377\0004\000.\0003\0005\000\040\000P\000a\000r\000t\000i\000a\000l\000S\000u\000n\000S\000t\000r\000a\000t\000e\000g\000y\000\040\000C\000l\000a\000s\000s\000\040\000R\000e\000f\000e\000r\000e\000n\000c\000e}{chapter.4}% 210
\BOOKMARK [2][-]{subsection.4.35.1}{\376\377\0004\000.\0003\0005\000.\0001\000\040\000D\000e\000t\000a\000i\000l\000e\000d\000\040\000D\000e\000s\000c\000r\000i\000p\000t\000i\000o\000n}{section.4.35}% 211
\BOOKMARK [2][-]{subsection.4.35.2}{\376\377\0004\000.\0003\0005\000.\0002\000\040\000M\000e\000m\000b\000e\000r\000\040\000F\000u\000n\000c\000t\000i\000o\000n\000\040\000D\000o\000c\000u\000m\000e\000n\000t\000a\000t\000i\000o\000n}{section.4.35}% 212
\BOOKMARK [3][-]{subsubsection.4.35.2.1}{\376\377\0004\000.\0003\0005\000.\0002\000.\0001\000\040\000a\000p\000p\000l\000y\000S\000u\000n\000l\000i\000g\000h\000t\000\050\000\051}{subsection.4.35.2}% 213
\BOOKMARK [3][-]{subsubsection.4.35.2.2}{\376\377\0004\000.\0003\0005\000.\0002\000.\0002\000\040\000g\000e\000t\000S\000t\000r\000a\000t\000e\000g\000y\000N\000a\000m\000e\000\050\000\051}{subsection.4.35.2}% 214
\BOOKMARK [1][-]{section.4.36}{\376\377\0004\000.\0003\0006\000\040\000P\000a\000y\000m\000e\000n\000t\000S\000t\000r\000a\000t\000e\000g\000y\000\040\000C\000l\000a\000s\000s\000\040\000R\000e\000f\000e\000r\000e\000n\000c\000e}{chapter.4}% 215
\BOOKMARK [2][-]{subsection.4.36.1}{\376\377\0004\000.\0003\0006\000.\0001\000\040\000D\000e\000t\000a\000i\000l\000e\000d\000\040\000D\000e\000s\000c\000r\000i\000p\000t\000i\000o\000n}{section.4.36}% 216
\BOOKMARK [2][-]{subsection.4.36.2}{\376\377\0004\000.\0003\0006\000.\0002\000\040\000M\000e\000m\000b\000e\000r\000\040\000F\000u\000n\000c\000t\000i\000o\000n\000\040\000D\000o\000c\000u\000m\000e\000n\000t\000a\000t\000i\000o\000n}{section.4.36}% 217
\BOOKMARK [3][-]{subsubsection.4.36.2.1}{\376\377\0004\000.\0003\0006\000.\0002\000.\0001\000\040\000g\000e\000t\000N\000a\000m\000e\000\050\000\051}{subsection.4.36.2}% 218
\BOOKMARK [3][-]{subsubsection.4.36.2.2}{\376\377\0004\000.\0003\0006\000.\0002\000.\0002\000\040\000p\000a\000y\000\050\000\051}{subsection.4.36.2}% 219
\BOOKMARK [1][-]{section.4.37}{\376\377\0004\000.\0003\0007\000\040\000P\000l\000a\000n\000t\000\040\000C\000l\000a\000s\000s\000\040\000R\000e\000f\000e\000r\000e\000n\000c\000e}{chapter.4}% 220
\BOOKMARK [2][-]{subsection.4.37.1}{\376\377\0004\000.\0003\0007\000.\0001\000\040\000D\000e\000t\000a\000i\000l\000e\000d\000\040\000D\000e\000s\000c\000r\000i\000p\000t\000i\000o\000n}{section.4.37}% 221
\BOOKMARK [2][-]{subsection.4.37.2}{\376\377\0004\000.\0003\0007\000.\0002\000\040\000C\000o\000n\000s\000t\000r\000u\000c\000t\000o\000r\000\040\000\046\000\040\000D\000e\000s\000t\000r\000u\000c\000t\000o\000r\000\040\000D\000o\000c\000u\000m\000e\000n\000t\000a\000t\000i\000o\000n}{section.4.37}% 222
\BOOKMARK [3][-]{subsubsection.4.37.2.1}{\376\377\0004\000.\0003\0007\000.\0002\000.\0001\000\040\000P\000l\000a\000n\000t\000\050\000\051}{subsection.4.37.2}% 223
\BOOKMARK [2][-]{subsection.4.37.3}{\376\377\0004\000.\0003\0007\000.\0003\000\040\000M\000e\000m\000b\000e\000r\000\040\000F\000u\000n\000c\000t\000i\000o\000n\000\040\000D\000o\000c\000u\000m\000e\000n\000t\000a\000t\000i\000o\000n}{section.4.37}% 224
\BOOKMARK [3][-]{subsubsection.4.37.3.1}{\376\377\0004\000.\0003\0007\000.\0003\000.\0001\000\040\000a\000t\000t\000a\000c\000h\000\050\000\051}{subsection.4.37.3}% 225
\BOOKMARK [3][-]{subsubsection.4.37.3.2}{\376\377\0004\000.\0003\0007\000.\0003\000.\0002\000\040\000d\000e\000t\000a\000c\000h\000\050\000\051}{subsection.4.37.3}% 226
\BOOKMARK [3][-]{subsubsection.4.37.3.3}{\376\377\0004\000.\0003\0007\000.\0003\000.\0003\000\040\000g\000e\000t\000C\000a\000t\000e\000g\000o\000r\000y\000\050\000\051}{subsection.4.37.3}% 227
\BOOKMARK [3][-]{subsubsection.4.37.3.4}{\376\377\0004\000.\0003\0007\000.\0003\000.\0004\000\040\000g\000e\000t\000C\000o\000l\000o\000r\000\050\000\051}{subsection.4.37.3}% 228
\BOOKMARK [3][-]{subsubsection.4.37.3.5}{\376\377\0004\000.\0003\0007\000.\0003\000.\0005\000\040\000g\000e\000t\000C\000u\000r\000r\000e\000n\000t\000N\000u\000t\000r\000i\000e\000n\000t\000s\000\050\000\051}{subsection.4.37.3}% 229
\BOOKMARK [3][-]{subsubsection.4.37.3.6}{\376\377\0004\000.\0003\0007\000.\0003\000.\0006\000\040\000g\000e\000t\000C\000u\000r\000r\000e\000n\000t\000S\000u\000n\000l\000i\000g\000h\000t\000\050\000\051}{subsection.4.37.3}% 230
\BOOKMARK [3][-]{subsubsection.4.37.3.7}{\376\377\0004\000.\0003\0007\000.\0003\000.\0007\000\040\000g\000e\000t\000C\000u\000r\000r\000e\000n\000t\000W\000a\000t\000e\000r\000\050\000\051}{subsection.4.37.3}% 231
\BOOKMARK [3][-]{subsubsection.4.37.3.8}{\376\377\0004\000.\0003\0007\000.\0003\000.\0008\000\040\000g\000e\000t\000D\000e\000s\000c\000r\000i\000p\000t\000i\000o\000n\000\050\000\051}{subsection.4.37.3}% 232
\BOOKMARK [3][-]{subsubsection.4.37.3.9}{\376\377\0004\000.\0003\0007\000.\0003\000.\0009\000\040\000g\000e\000t\000G\000r\000o\000w\000t\000h\000P\000r\000o\000g\000r\000e\000s\000s\000\050\000\051}{subsection.4.37.3}% 233
\BOOKMARK [3][-]{subsubsection.4.37.3.10}{\376\377\0004\000.\0003\0007\000.\0003\000.\0001\0000\000\040\000g\000e\000t\000M\000a\000x\000N\000u\000t\000r\000i\000e\000n\000t\000s\000\050\000\051}{subsection.4.37.3}% 234
\BOOKMARK [3][-]{subsubsection.4.37.3.11}{\376\377\0004\000.\0003\0007\000.\0003\000.\0001\0001\000\040\000g\000e\000t\000M\000a\000x\000S\000u\000n\000l\000i\000g\000h\000t\000\050\000\051}{subsection.4.37.3}% 235
\BOOKMARK [3][-]{subsubsection.4.37.3.12}{\376\377\0004\000.\0003\0007\000.\0003\000.\0001\0002\000\040\000g\000e\000t\000M\000a\000x\000W\000a\000t\000e\000r\000\050\000\051}{subsection.4.37.3}% 236
\BOOKMARK [3][-]{subsubsection.4.37.3.13}{\376\377\0004\000.\0003\0007\000.\0003\000.\0001\0003\000\040\000g\000e\000t\000M\000i\000n\000N\000u\000t\000r\000i\000e\000n\000t\000s\000\050\000\051}{subsection.4.37.3}% 237
\BOOKMARK [3][-]{subsubsection.4.37.3.14}{\376\377\0004\000.\0003\0007\000.\0003\000.\0001\0004\000\040\000g\000e\000t\000M\000i\000n\000S\000u\000n\000l\000i\000g\000h\000t\000\050\000\051}{subsection.4.37.3}% 238
\BOOKMARK [3][-]{subsubsection.4.37.3.15}{\376\377\0004\000.\0003\0007\000.\0003\000.\0001\0005\000\040\000g\000e\000t\000M\000i\000n\000W\000a\000t\000e\000r\000\050\000\051}{subsection.4.37.3}% 239
\BOOKMARK [3][-]{subsubsection.4.37.3.16}{\376\377\0004\000.\0003\0007\000.\0003\000.\0001\0006\000\040\000g\000e\000t\000N\000a\000m\000e\000\050\000\051}{subsection.4.37.3}% 240
\BOOKMARK [3][-]{subsubsection.4.37.3.17}{\376\377\0004\000.\0003\0007\000.\0003\000.\0001\0007\000\040\000g\000e\000t\000P\000r\000i\000c\000e\000\050\000\051}{subsection.4.37.3}% 241
\BOOKMARK [3][-]{subsubsection.4.37.3.18}{\376\377\0004\000.\0003\0007\000.\0003\000.\0001\0008\000\040\000g\000e\000t\000S\000t\000a\000t\000e\000\050\000\051}{subsection.4.37.3}% 242
\BOOKMARK [3][-]{subsubsection.4.37.3.19}{\376\377\0004\000.\0003\0007\000.\0003\000.\0001\0009\000\040\000s\000e\000t\000C\000a\000t\000e\000g\000o\000r\000y\000\050\000\051}{subsection.4.37.3}% 243
\BOOKMARK [3][-]{subsubsection.4.37.3.20}{\376\377\0004\000.\0003\0007\000.\0003\000.\0002\0000\000\040\000s\000e\000t\000C\000o\000l\000o\000r\000\050\000\051}{subsection.4.37.3}% 244
\BOOKMARK [3][-]{subsubsection.4.37.3.21}{\376\377\0004\000.\0003\0007\000.\0003\000.\0002\0001\000\040\000s\000e\000t\000C\000u\000r\000r\000e\000n\000t\000N\000u\000t\000r\000i\000e\000n\000t\000s\000\050\000\051}{subsection.4.37.3}% 245
\BOOKMARK [3][-]{subsubsection.4.37.3.22}{\376\377\0004\000.\0003\0007\000.\0003\000.\0002\0002\000\040\000s\000e\000t\000C\000u\000r\000r\000e\000n\000t\000S\000u\000n\000l\000i\000g\000h\000t\000\050\000\051}{subsection.4.37.3}% 246
\BOOKMARK [3][-]{subsubsection.4.37.3.23}{\376\377\0004\000.\0003\0007\000.\0003\000.\0002\0003\000\040\000s\000e\000t\000C\000u\000r\000r\000e\000n\000t\000W\000a\000t\000e\000r\000\050\000\051}{subsection.4.37.3}% 247
\BOOKMARK [3][-]{subsubsection.4.37.3.24}{\376\377\0004\000.\0003\0007\000.\0003\000.\0002\0004\000\040\000s\000e\000t\000G\000r\000o\000w\000t\000h\000P\000r\000o\000g\000r\000e\000s\000s\000\050\000\051}{subsection.4.37.3}% 248
\BOOKMARK [3][-]{subsubsection.4.37.3.25}{\376\377\0004\000.\0003\0007\000.\0003\000.\0002\0005\000\040\000s\000e\000t\000M\000a\000x\000N\000u\000t\000r\000i\000e\000n\000t\000s\000\050\000\051}{subsection.4.37.3}% 249
\BOOKMARK [3][-]{subsubsection.4.37.3.26}{\376\377\0004\000.\0003\0007\000.\0003\000.\0002\0006\000\040\000s\000e\000t\000M\000a\000x\000S\000u\000n\000l\000i\000g\000h\000t\000\050\000\051}{subsection.4.37.3}% 250
\BOOKMARK [3][-]{subsubsection.4.37.3.27}{\376\377\0004\000.\0003\0007\000.\0003\000.\0002\0007\000\040\000s\000e\000t\000M\000a\000x\000W\000a\000t\000e\000r\000\050\000\051}{subsection.4.37.3}% 251
\BOOKMARK [3][-]{subsubsection.4.37.3.28}{\376\377\0004\000.\0003\0007\000.\0003\000.\0002\0008\000\040\000s\000e\000t\000S\000t\000a\000t\000e\000\050\000\051}{subsection.4.37.3}% 252
\BOOKMARK [1][-]{section.4.38}{\376\377\0004\000.\0003\0008\000\040\000P\000l\000a\000n\000t\000C\000a\000r\000e\000R\000o\000u\000t\000i\000n\000e\000\040\000C\000l\000a\000s\000s\000\040\000R\000e\000f\000e\000r\000e\000n\000c\000e}{chapter.4}% 253
\BOOKMARK [2][-]{subsection.4.38.1}{\376\377\0004\000.\0003\0008\000.\0001\000\040\000D\000e\000t\000a\000i\000l\000e\000d\000\040\000D\000e\000s\000c\000r\000i\000p\000t\000i\000o\000n}{section.4.38}% 254
\BOOKMARK [2][-]{subsection.4.38.2}{\376\377\0004\000.\0003\0008\000.\0002\000\040\000M\000e\000m\000b\000e\000r\000\040\000F\000u\000n\000c\000t\000i\000o\000n\000\040\000D\000o\000c\000u\000m\000e\000n\000t\000a\000t\000i\000o\000n}{section.4.38}% 255
\BOOKMARK [3][-]{subsubsection.4.38.2.1}{\376\377\0004\000.\0003\0008\000.\0002\000.\0001\000\040\000P\000l\000a\000n\000t\000C\000a\000r\000e\000\050\000\051}{subsection.4.38.2}% 256
\BOOKMARK [1][-]{section.4.39}{\376\377\0004\000.\0003\0009\000\040\000P\000l\000a\000n\000t\000D\000e\000c\000o\000r\000a\000t\000o\000r\000\040\000C\000l\000a\000s\000s\000\040\000R\000e\000f\000e\000r\000e\000n\000c\000e}{chapter.4}% 257
\BOOKMARK [2][-]{subsection.4.39.1}{\376\377\0004\000.\0003\0009\000.\0001\000\040\000D\000e\000t\000a\000i\000l\000e\000d\000\040\000D\000e\000s\000c\000r\000i\000p\000t\000i\000o\000n}{section.4.39}% 258
\BOOKMARK [1][-]{section.4.40}{\376\377\0004\000.\0004\0000\000\040\000P\000l\000a\000n\000t\000F\000a\000c\000t\000o\000r\000y\000\040\000C\000l\000a\000s\000s\000\040\000R\000e\000f\000e\000r\000e\000n\000c\000e}{chapter.4}% 259
\BOOKMARK [2][-]{subsection.4.40.1}{\376\377\0004\000.\0004\0000\000.\0001\000\040\000D\000e\000t\000a\000i\000l\000e\000d\000\040\000D\000e\000s\000c\000r\000i\000p\000t\000i\000o\000n}{section.4.40}% 260
\BOOKMARK [2][-]{subsection.4.40.2}{\376\377\0004\000.\0004\0000\000.\0002\000\040\000M\000e\000m\000b\000e\000r\000\040\000F\000u\000n\000c\000t\000i\000o\000n\000\040\000D\000o\000c\000u\000m\000e\000n\000t\000a\000t\000i\000o\000n}{section.4.40}% 261
\BOOKMARK [3][-]{subsubsection.4.40.2.1}{\376\377\0004\000.\0004\0000\000.\0002\000.\0001\000\040\000c\000r\000e\000a\000t\000e\000P\000l\000a\000n\000t\000\050\000\051}{subsection.4.40.2}% 262
\BOOKMARK [1][-]{section.4.41}{\376\377\0004\000.\0004\0001\000\040\000P\000l\000a\000n\000t\000I\000n\000v\000e\000n\000t\000o\000r\000y\000\040\000C\000l\000a\000s\000s\000\040\000R\000e\000f\000e\000r\000e\000n\000c\000e}{chapter.4}% 263
\BOOKMARK [2][-]{subsection.4.41.1}{\376\377\0004\000.\0004\0001\000.\0001\000\040\000D\000e\000t\000a\000i\000l\000e\000d\000\040\000D\000e\000s\000c\000r\000i\000p\000t\000i\000o\000n}{section.4.41}% 264
\BOOKMARK [2][-]{subsection.4.41.2}{\376\377\0004\000.\0004\0001\000.\0002\000\040\000M\000e\000m\000b\000e\000r\000\040\000F\000u\000n\000c\000t\000i\000o\000n\000\040\000D\000o\000c\000u\000m\000e\000n\000t\000a\000t\000i\000o\000n}{section.4.41}% 265
\BOOKMARK [3][-]{subsubsection.4.41.2.1}{\376\377\0004\000.\0004\0001\000.\0002\000.\0001\000\040\000a\000d\000d\000S\000t\000o\000c\000k\000\050\000\051}{subsection.4.41.2}% 266
\BOOKMARK [3][-]{subsubsection.4.41.2.2}{\376\377\0004\000.\0004\0001\000.\0002\000.\0002\000\040\000a\000t\000t\000a\000c\000h\000\050\000\051}{subsection.4.41.2}% 267
\BOOKMARK [3][-]{subsubsection.4.41.2.3}{\376\377\0004\000.\0004\0001\000.\0002\000.\0003\000\040\000d\000e\000t\000a\000c\000h\000\050\000\051}{subsection.4.41.2}% 268
\BOOKMARK [3][-]{subsubsection.4.41.2.4}{\376\377\0004\000.\0004\0001\000.\0002\000.\0004\000\040\000e\000x\000e\000c\000u\000t\000e\000C\000o\000m\000m\000a\000n\000d\000\050\000\051}{subsection.4.41.2}% 269
\BOOKMARK [3][-]{subsubsection.4.41.2.5}{\376\377\0004\000.\0004\0001\000.\0002\000.\0005\000\040\000f\000i\000n\000d\000P\000l\000a\000n\000t\000I\000n\000d\000e\000x\000\050\000\051}{subsection.4.41.2}% 270
\BOOKMARK [3][-]{subsubsection.4.41.2.6}{\376\377\0004\000.\0004\0001\000.\0002\000.\0006\000\040\000g\000e\000t\000I\000n\000s\000t\000a\000n\000c\000e\000\050\000\051}{subsection.4.41.2}% 271
\BOOKMARK [3][-]{subsubsection.4.41.2.7}{\376\377\0004\000.\0004\0001\000.\0002\000.\0007\000\040\000g\000e\000t\000I\000n\000v\000e\000n\000t\000o\000r\000y\000R\000e\000f\000e\000r\000e\000n\000c\000e\000\050\000\051}{subsection.4.41.2}% 272
\BOOKMARK [3][-]{subsubsection.4.41.2.8}{\376\377\0004\000.\0004\0001\000.\0002\000.\0008\000\040\000g\000e\000t\000I\000n\000v\000e\000n\000t\000o\000r\000y\000V\000i\000e\000w\000\050\000\051}{subsection.4.41.2}% 273
\BOOKMARK [3][-]{subsubsection.4.41.2.9}{\376\377\0004\000.\0004\0001\000.\0002\000.\0009\000\040\000g\000e\000t\000Q\000u\000a\000n\000t\000i\000t\000y\000\050\000\051}{subsection.4.41.2}% 274
\BOOKMARK [3][-]{subsubsection.4.41.2.10}{\376\377\0004\000.\0004\0001\000.\0002\000.\0001\0000\000\040\000r\000e\000m\000o\000v\000e\000S\000t\000o\000c\000k\000\050\000\051}{subsection.4.41.2}% 275
\BOOKMARK [1][-]{section.4.42}{\376\377\0004\000.\0004\0002\000\040\000P\000l\000a\000n\000t\000L\000i\000f\000e\000C\000y\000c\000l\000e\000\040\000C\000l\000a\000s\000s\000\040\000R\000e\000f\000e\000r\000e\000n\000c\000e}{chapter.4}% 276
\BOOKMARK [2][-]{subsection.4.42.1}{\376\377\0004\000.\0004\0002\000.\0001\000\040\000D\000e\000t\000a\000i\000l\000e\000d\000\040\000D\000e\000s\000c\000r\000i\000p\000t\000i\000o\000n}{section.4.42}% 277
\BOOKMARK [1][-]{section.4.43}{\376\377\0004\000.\0004\0003\000\040\000P\000l\000a\000n\000t\000S\000t\000a\000t\000e\000\040\000C\000l\000a\000s\000s\000\040\000R\000e\000f\000e\000r\000e\000n\000c\000e}{chapter.4}% 278
\BOOKMARK [2][-]{subsection.4.43.1}{\376\377\0004\000.\0004\0003\000.\0001\000\040\000D\000e\000t\000a\000i\000l\000e\000d\000\040\000D\000e\000s\000c\000r\000i\000p\000t\000i\000o\000n}{section.4.43}% 279
\BOOKMARK [2][-]{subsection.4.43.2}{\376\377\0004\000.\0004\0003\000.\0002\000\040\000M\000e\000m\000b\000e\000r\000\040\000F\000u\000n\000c\000t\000i\000o\000n\000\040\000D\000o\000c\000u\000m\000e\000n\000t\000a\000t\000i\000o\000n}{section.4.43}% 280
\BOOKMARK [3][-]{subsubsection.4.43.2.1}{\376\377\0004\000.\0004\0003\000.\0002\000.\0001\000\040\000a\000p\000p\000l\000y\000C\000a\000r\000e\000\050\000\051}{subsection.4.43.2}% 281
\BOOKMARK [3][-]{subsubsection.4.43.2.2}{\376\377\0004\000.\0004\0003\000.\0002\000.\0002\000\040\000e\000v\000a\000l\000u\000a\000t\000e\000\050\000\051}{subsection.4.43.2}% 282
\BOOKMARK [3][-]{subsubsection.4.43.2.3}{\376\377\0004\000.\0004\0003\000.\0002\000.\0003\000\040\000g\000e\000t\000N\000a\000m\000e\000\050\000\051}{subsection.4.43.2}% 283
\BOOKMARK [1][-]{section.4.44}{\376\377\0004\000.\0004\0004\000\040\000P\000l\000a\000n\000t\000S\000t\000o\000c\000k\000\040\000C\000l\000a\000s\000s\000\040\000R\000e\000f\000e\000r\000e\000n\000c\000e}{chapter.4}% 284
\BOOKMARK [2][-]{subsection.4.44.1}{\376\377\0004\000.\0004\0004\000.\0001\000\040\000D\000e\000t\000a\000i\000l\000e\000d\000\040\000D\000e\000s\000c\000r\000i\000p\000t\000i\000o\000n}{section.4.44}% 285
\BOOKMARK [2][-]{subsection.4.44.2}{\376\377\0004\000.\0004\0004\000.\0002\000\040\000C\000o\000n\000s\000t\000r\000u\000c\000t\000o\000r\000\040\000\046\000\040\000D\000e\000s\000t\000r\000u\000c\000t\000o\000r\000\040\000D\000o\000c\000u\000m\000e\000n\000t\000a\000t\000i\000o\000n}{section.4.44}% 286
\BOOKMARK [3][-]{subsubsection.4.44.2.1}{\376\377\0004\000.\0004\0004\000.\0002\000.\0001\000\040\000P\000l\000a\000n\000t\000S\000t\000o\000c\000k\000\050\000\051}{subsection.4.44.2}% 287
\BOOKMARK [2][-]{subsection.4.44.3}{\376\377\0004\000.\0004\0004\000.\0003\000\040\000M\000e\000m\000b\000e\000r\000\040\000F\000u\000n\000c\000t\000i\000o\000n\000\040\000D\000o\000c\000u\000m\000e\000n\000t\000a\000t\000i\000o\000n}{section.4.44}% 288
\BOOKMARK [3][-]{subsubsection.4.44.3.1}{\376\377\0004\000.\0004\0004\000.\0003\000.\0001\000\040\000a\000d\000d\000S\000t\000o\000c\000k\000\050\000\051}{subsection.4.44.3}% 289
\BOOKMARK [3][-]{subsubsection.4.44.3.2}{\376\377\0004\000.\0004\0004\000.\0003\000.\0002\000\040\000r\000e\000m\000o\000v\000e\000S\000t\000o\000c\000k\000\050\000\051}{subsection.4.44.3}% 290
\BOOKMARK [1][-]{section.4.45}{\376\377\0004\000.\0004\0005\000\040\000Q\000u\000e\000r\000y\000\040\000C\000l\000a\000s\000s\000\040\000R\000e\000f\000e\000r\000e\000n\000c\000e}{chapter.4}% 291
\BOOKMARK [2][-]{subsection.4.45.1}{\376\377\0004\000.\0004\0005\000.\0001\000\040\000D\000e\000t\000a\000i\000l\000e\000d\000\040\000D\000e\000s\000c\000r\000i\000p\000t\000i\000o\000n}{section.4.45}% 292
\BOOKMARK [2][-]{subsection.4.45.2}{\376\377\0004\000.\0004\0005\000.\0002\000\040\000C\000o\000n\000s\000t\000r\000u\000c\000t\000o\000r\000\040\000\046\000\040\000D\000e\000s\000t\000r\000u\000c\000t\000o\000r\000\040\000D\000o\000c\000u\000m\000e\000n\000t\000a\000t\000i\000o\000n}{section.4.45}% 293
\BOOKMARK [3][-]{subsubsection.4.45.2.1}{\376\377\0004\000.\0004\0005\000.\0002\000.\0001\000\040\000Q\000u\000e\000r\000y\000\050\000\051}{subsection.4.45.2}% 294
\BOOKMARK [2][-]{subsection.4.45.3}{\376\377\0004\000.\0004\0005\000.\0003\000\040\000M\000e\000m\000b\000e\000r\000\040\000F\000u\000n\000c\000t\000i\000o\000n\000\040\000D\000o\000c\000u\000m\000e\000n\000t\000a\000t\000i\000o\000n}{section.4.45}% 295
\BOOKMARK [3][-]{subsubsection.4.45.3.1}{\376\377\0004\000.\0004\0005\000.\0003\000.\0001\000\040\000g\000e\000t\000I\000t\000e\000m\000\050\000\051}{subsection.4.45.3}% 296
\BOOKMARK [3][-]{subsubsection.4.45.3.2}{\376\377\0004\000.\0004\0005\000.\0003\000.\0002\000\040\000g\000e\000t\000Q\000u\000e\000s\000t\000i\000o\000n\000\050\000\051}{subsection.4.45.3}% 297
\BOOKMARK [3][-]{subsubsection.4.45.3.3}{\376\377\0004\000.\0004\0005\000.\0003\000.\0003\000\040\000g\000e\000t\000T\000y\000p\000e\000\050\000\051}{subsection.4.45.3}% 298
\BOOKMARK [1][-]{section.4.46}{\376\377\0004\000.\0004\0006\000\040\000R\000e\000m\000o\000v\000e\000S\000t\000o\000c\000k\000\040\000C\000l\000a\000s\000s\000\040\000R\000e\000f\000e\000r\000e\000n\000c\000e}{chapter.4}% 299
\BOOKMARK [2][-]{subsection.4.46.1}{\376\377\0004\000.\0004\0006\000.\0001\000\040\000D\000e\000t\000a\000i\000l\000e\000d\000\040\000D\000e\000s\000c\000r\000i\000p\000t\000i\000o\000n}{section.4.46}% 300
\BOOKMARK [2][-]{subsection.4.46.2}{\376\377\0004\000.\0004\0006\000.\0002\000\040\000C\000o\000n\000s\000t\000r\000u\000c\000t\000o\000r\000\040\000\046\000\040\000D\000e\000s\000t\000r\000u\000c\000t\000o\000r\000\040\000D\000o\000c\000u\000m\000e\000n\000t\000a\000t\000i\000o\000n}{section.4.46}% 301
\BOOKMARK [3][-]{subsubsection.4.46.2.1}{\376\377\0004\000.\0004\0006\000.\0002\000.\0001\000\040\000R\000e\000m\000o\000v\000e\000S\000t\000o\000c\000k\000\050\000\051}{subsection.4.46.2}% 302
\BOOKMARK [2][-]{subsection.4.46.3}{\376\377\0004\000.\0004\0006\000.\0003\000\040\000M\000e\000m\000b\000e\000r\000\040\000F\000u\000n\000c\000t\000i\000o\000n\000\040\000D\000o\000c\000u\000m\000e\000n\000t\000a\000t\000i\000o\000n}{section.4.46}% 303
\BOOKMARK [3][-]{subsubsection.4.46.3.1}{\376\377\0004\000.\0004\0006\000.\0003\000.\0001\000\040\000e\000x\000e\000c\000u\000t\000e\000\050\000\051}{subsection.4.46.3}% 304
\BOOKMARK [1][-]{section.4.47}{\376\377\0004\000.\0004\0007\000\040\000R\000o\000s\000e\000\040\000C\000l\000a\000s\000s\000\040\000R\000e\000f\000e\000r\000e\000n\000c\000e}{chapter.4}% 305
\BOOKMARK [2][-]{subsection.4.47.1}{\376\377\0004\000.\0004\0007\000.\0001\000\040\000D\000e\000t\000a\000i\000l\000e\000d\000\040\000D\000e\000s\000c\000r\000i\000p\000t\000i\000o\000n}{section.4.47}% 306
\BOOKMARK [2][-]{subsection.4.47.2}{\376\377\0004\000.\0004\0007\000.\0002\000\040\000C\000o\000n\000s\000t\000r\000u\000c\000t\000o\000r\000\040\000\046\000\040\000D\000e\000s\000t\000r\000u\000c\000t\000o\000r\000\040\000D\000o\000c\000u\000m\000e\000n\000t\000a\000t\000i\000o\000n}{section.4.47}% 307
\BOOKMARK [3][-]{subsubsection.4.47.2.1}{\376\377\0004\000.\0004\0007\000.\0002\000.\0001\000\040\000R\000o\000s\000e\000\050\000\051}{subsection.4.47.2}% 308
\BOOKMARK [1][-]{section.4.48}{\376\377\0004\000.\0004\0008\000\040\000S\000a\000l\000e\000s\000E\000m\000p\000l\000o\000y\000e\000e\000\040\000C\000l\000a\000s\000s\000\040\000R\000e\000f\000e\000r\000e\000n\000c\000e}{chapter.4}% 309
\BOOKMARK [2][-]{subsection.4.48.1}{\376\377\0004\000.\0004\0008\000.\0001\000\040\000D\000e\000t\000a\000i\000l\000e\000d\000\040\000D\000e\000s\000c\000r\000i\000p\000t\000i\000o\000n}{section.4.48}% 310
\BOOKMARK [2][-]{subsection.4.48.2}{\376\377\0004\000.\0004\0008\000.\0002\000\040\000C\000o\000n\000s\000t\000r\000u\000c\000t\000o\000r\000\040\000\046\000\040\000D\000e\000s\000t\000r\000u\000c\000t\000o\000r\000\040\000D\000o\000c\000u\000m\000e\000n\000t\000a\000t\000i\000o\000n}{section.4.48}% 311
\BOOKMARK [3][-]{subsubsection.4.48.2.1}{\376\377\0004\000.\0004\0008\000.\0002\000.\0001\000\040\000S\000a\000l\000e\000s\000E\000m\000p\000l\000o\000y\000e\000e\000\050\000\051}{subsection.4.48.2}% 312
\BOOKMARK [2][-]{subsection.4.48.3}{\376\377\0004\000.\0004\0008\000.\0003\000\040\000M\000e\000m\000b\000e\000r\000\040\000F\000u\000n\000c\000t\000i\000o\000n\000\040\000D\000o\000c\000u\000m\000e\000n\000t\000a\000t\000i\000o\000n}{section.4.48}% 313
\BOOKMARK [3][-]{subsubsection.4.48.3.1}{\376\377\0004\000.\0004\0008\000.\0003\000.\0001\000\040\000r\000e\000p\000l\000y\000\050\000\051}{subsection.4.48.3}% 314
\BOOKMARK [3][-]{subsubsection.4.48.3.2}{\376\377\0004\000.\0004\0008\000.\0003\000.\0002\000\040\000s\000t\000a\000f\000f\000C\000a\000n\000H\000a\000n\000d\000l\000e\000\050\000\051}{subsection.4.48.3}% 315
\BOOKMARK [1][-]{section.4.49}{\376\377\0004\000.\0004\0009\000\040\000S\000a\000l\000e\000s\000F\000l\000o\000o\000r\000O\000b\000s\000e\000r\000v\000e\000r\000\040\000C\000l\000a\000s\000s\000\040\000R\000e\000f\000e\000r\000e\000n\000c\000e}{chapter.4}% 316
\BOOKMARK [2][-]{subsection.4.49.1}{\376\377\0004\000.\0004\0009\000.\0001\000\040\000D\000e\000t\000a\000i\000l\000e\000d\000\040\000D\000e\000s\000c\000r\000i\000p\000t\000i\000o\000n}{section.4.49}% 317
\BOOKMARK [2][-]{subsection.4.49.2}{\376\377\0004\000.\0004\0009\000.\0002\000\040\000C\000o\000n\000s\000t\000r\000u\000c\000t\000o\000r\000\040\000\046\000\040\000D\000e\000s\000t\000r\000u\000c\000t\000o\000r\000\040\000D\000o\000c\000u\000m\000e\000n\000t\000a\000t\000i\000o\000n}{section.4.49}% 318
\BOOKMARK [3][-]{subsubsection.4.49.2.1}{\376\377\0004\000.\0004\0009\000.\0002\000.\0001\000\040\000S\000a\000l\000e\000s\000F\000l\000o\000o\000r\000O\000b\000s\000e\000r\000v\000e\000r\000\050\000\051}{subsection.4.49.2}% 319
\BOOKMARK [2][-]{subsection.4.49.3}{\376\377\0004\000.\0004\0009\000.\0003\000\040\000M\000e\000m\000b\000e\000r\000\040\000F\000u\000n\000c\000t\000i\000o\000n\000\040\000D\000o\000c\000u\000m\000e\000n\000t\000a\000t\000i\000o\000n}{section.4.49}% 320
\BOOKMARK [3][-]{subsubsection.4.49.3.1}{\376\377\0004\000.\0004\0009\000.\0003\000.\0001\000\040\000a\000t\000t\000a\000c\000h\000S\000t\000a\000f\000f\000\050\000\051}{subsection.4.49.3}% 321
\BOOKMARK [3][-]{subsubsection.4.49.3.2}{\376\377\0004\000.\0004\0009\000.\0003\000.\0002\000\040\000d\000e\000t\000a\000c\000h\000S\000t\000a\000f\000f\000\050\000\051}{subsection.4.49.3}% 322
\BOOKMARK [3][-]{subsubsection.4.49.3.3}{\376\377\0004\000.\0004\0009\000.\0003\000.\0003\000\040\000g\000e\000t\000A\000v\000a\000i\000l\000a\000b\000l\000e\000I\000t\000e\000m\000s\000\050\000\051}{subsection.4.49.3}% 323
\BOOKMARK [3][-]{subsubsection.4.49.3.4}{\376\377\0004\000.\0004\0009\000.\0003\000.\0004\000\040\000g\000e\000t\000N\000o\000t\000i\000f\000i\000c\000a\000t\000i\000o\000n\000H\000i\000s\000t\000o\000r\000y\000\050\000\051}{subsection.4.49.3}% 324
\BOOKMARK [3][-]{subsubsection.4.49.3.5}{\376\377\0004\000.\0004\0009\000.\0003\000.\0005\000\040\000g\000e\000t\000P\000l\000a\000n\000t\000Q\000u\000a\000n\000t\000i\000t\000y\000\050\000\051}{subsection.4.49.3}% 325
\BOOKMARK [3][-]{subsubsection.4.49.3.6}{\376\377\0004\000.\0004\0009\000.\0003\000.\0006\000\040\000i\000s\000P\000l\000a\000n\000t\000A\000v\000a\000i\000l\000a\000b\000l\000e\000\050\000\051}{subsection.4.49.3}% 326
\BOOKMARK [3][-]{subsubsection.4.49.3.7}{\376\377\0004\000.\0004\0009\000.\0003\000.\0007\000\040\000n\000o\000t\000i\000f\000y\000S\000t\000a\000f\000f\000\050\000\051}{subsection.4.49.3}% 327
\BOOKMARK [1][-]{section.4.50}{\376\377\0004\000.\0005\0000\000\040\000S\000a\000l\000e\000s\000M\000a\000n\000a\000g\000e\000r\000\040\000C\000l\000a\000s\000s\000\040\000R\000e\000f\000e\000r\000e\000n\000c\000e}{chapter.4}% 328
\BOOKMARK [2][-]{subsection.4.50.1}{\376\377\0004\000.\0005\0000\000.\0001\000\040\000D\000e\000t\000a\000i\000l\000e\000d\000\040\000D\000e\000s\000c\000r\000i\000p\000t\000i\000o\000n}{section.4.50}% 329
\BOOKMARK [2][-]{subsection.4.50.2}{\376\377\0004\000.\0005\0000\000.\0002\000\040\000C\000o\000n\000s\000t\000r\000u\000c\000t\000o\000r\000\040\000\046\000\040\000D\000e\000s\000t\000r\000u\000c\000t\000o\000r\000\040\000D\000o\000c\000u\000m\000e\000n\000t\000a\000t\000i\000o\000n}{section.4.50}% 330
\BOOKMARK [3][-]{subsubsection.4.50.2.1}{\376\377\0004\000.\0005\0000\000.\0002\000.\0001\000\040\000S\000a\000l\000e\000s\000M\000a\000n\000a\000g\000e\000r\000\050\000\051}{subsection.4.50.2}% 331
\BOOKMARK [2][-]{subsection.4.50.3}{\376\377\0004\000.\0005\0000\000.\0003\000\040\000M\000e\000m\000b\000e\000r\000\040\000F\000u\000n\000c\000t\000i\000o\000n\000\040\000D\000o\000c\000u\000m\000e\000n\000t\000a\000t\000i\000o\000n}{section.4.50}% 332
\BOOKMARK [3][-]{subsubsection.4.50.3.1}{\376\377\0004\000.\0005\0000\000.\0003\000.\0001\000\040\000r\000e\000p\000l\000y\000\050\000\051}{subsection.4.50.3}% 333
\BOOKMARK [3][-]{subsubsection.4.50.3.2}{\376\377\0004\000.\0005\0000\000.\0003\000.\0002\000\040\000s\000t\000a\000f\000f\000C\000a\000n\000H\000a\000n\000d\000l\000e\000\050\000\051}{subsection.4.50.3}% 334
\BOOKMARK [1][-]{section.4.51}{\376\377\0004\000.\0005\0001\000\040\000S\000a\000l\000e\000s\000S\000t\000a\000f\000f\000\040\000C\000l\000a\000s\000s\000\040\000R\000e\000f\000e\000r\000e\000n\000c\000e}{chapter.4}% 335
\BOOKMARK [2][-]{subsection.4.51.1}{\376\377\0004\000.\0005\0001\000.\0001\000\040\000D\000e\000t\000a\000i\000l\000e\000d\000\040\000D\000e\000s\000c\000r\000i\000p\000t\000i\000o\000n}{section.4.51}% 336
\BOOKMARK [2][-]{subsection.4.51.2}{\376\377\0004\000.\0005\0001\000.\0002\000\040\000C\000o\000n\000s\000t\000r\000u\000c\000t\000o\000r\000\040\000\046\000\040\000D\000e\000s\000t\000r\000u\000c\000t\000o\000r\000\040\000D\000o\000c\000u\000m\000e\000n\000t\000a\000t\000i\000o\000n}{section.4.51}% 337
\BOOKMARK [3][-]{subsubsection.4.51.2.1}{\376\377\0004\000.\0005\0001\000.\0002\000.\0001\000\040\000S\000a\000l\000e\000s\000S\000t\000a\000f\000f\000\050\000\051}{subsection.4.51.2}% 338
\BOOKMARK [2][-]{subsection.4.51.3}{\376\377\0004\000.\0005\0001\000.\0003\000\040\000M\000e\000m\000b\000e\000r\000\040\000F\000u\000n\000c\000t\000i\000o\000n\000\040\000D\000o\000c\000u\000m\000e\000n\000t\000a\000t\000i\000o\000n}{section.4.51}% 339
\BOOKMARK [3][-]{subsubsection.4.51.3.1}{\376\377\0004\000.\0005\0001\000.\0003\000.\0001\000\040\000h\000a\000n\000d\000l\000e\000Q\000u\000e\000r\000y\000\050\000\051}{subsection.4.51.3}% 340
\BOOKMARK [3][-]{subsubsection.4.51.3.2}{\376\377\0004\000.\0005\0001\000.\0003\000.\0002\000\040\000r\000e\000p\000l\000y\000\050\000\051}{subsection.4.51.3}% 341
\BOOKMARK [3][-]{subsubsection.4.51.3.3}{\376\377\0004\000.\0005\0001\000.\0003\000.\0003\000\040\000s\000t\000a\000f\000f\000C\000a\000n\000H\000a\000n\000d\000l\000e\000\050\000\051}{subsection.4.51.3}% 342
\BOOKMARK [1][-]{section.4.52}{\376\377\0004\000.\0005\0002\000\040\000S\000e\000e\000d\000l\000i\000n\000g\000S\000t\000a\000t\000e\000\040\000C\000l\000a\000s\000s\000\040\000R\000e\000f\000e\000r\000e\000n\000c\000e}{chapter.4}% 343
\BOOKMARK [2][-]{subsection.4.52.1}{\376\377\0004\000.\0005\0002\000.\0001\000\040\000D\000e\000t\000a\000i\000l\000e\000d\000\040\000D\000e\000s\000c\000r\000i\000p\000t\000i\000o\000n}{section.4.52}% 344
\BOOKMARK [2][-]{subsection.4.52.2}{\376\377\0004\000.\0005\0002\000.\0002\000\040\000M\000e\000m\000b\000e\000r\000\040\000F\000u\000n\000c\000t\000i\000o\000n\000\040\000D\000o\000c\000u\000m\000e\000n\000t\000a\000t\000i\000o\000n}{section.4.52}% 345
\BOOKMARK [3][-]{subsubsection.4.52.2.1}{\376\377\0004\000.\0005\0002\000.\0002\000.\0001\000\040\000a\000p\000p\000l\000y\000C\000a\000r\000e\000\050\000\051}{subsection.4.52.2}% 346
\BOOKMARK [3][-]{subsubsection.4.52.2.2}{\376\377\0004\000.\0005\0002\000.\0002\000.\0002\000\040\000e\000v\000a\000l\000u\000a\000t\000e\000\050\000\051}{subsection.4.52.2}% 347
\BOOKMARK [3][-]{subsubsection.4.52.2.3}{\376\377\0004\000.\0005\0002\000.\0002\000.\0003\000\040\000g\000e\000t\000N\000a\000m\000e\000\050\000\051}{subsection.4.52.2}% 348
\BOOKMARK [1][-]{section.4.53}{\376\377\0004\000.\0005\0003\000\040\000S\000e\000e\000d\000S\000t\000a\000t\000e\000\040\000C\000l\000a\000s\000s\000\040\000R\000e\000f\000e\000r\000e\000n\000c\000e}{chapter.4}% 349
\BOOKMARK [2][-]{subsection.4.53.1}{\376\377\0004\000.\0005\0003\000.\0001\000\040\000D\000e\000t\000a\000i\000l\000e\000d\000\040\000D\000e\000s\000c\000r\000i\000p\000t\000i\000o\000n}{section.4.53}% 350
\BOOKMARK [2][-]{subsection.4.53.2}{\376\377\0004\000.\0005\0003\000.\0002\000\040\000M\000e\000m\000b\000e\000r\000\040\000F\000u\000n\000c\000t\000i\000o\000n\000\040\000D\000o\000c\000u\000m\000e\000n\000t\000a\000t\000i\000o\000n}{section.4.53}% 351
\BOOKMARK [3][-]{subsubsection.4.53.2.1}{\376\377\0004\000.\0005\0003\000.\0002\000.\0001\000\040\000a\000p\000p\000l\000y\000C\000a\000r\000e\000\050\000\051}{subsection.4.53.2}% 352
\BOOKMARK [3][-]{subsubsection.4.53.2.2}{\376\377\0004\000.\0005\0003\000.\0002\000.\0002\000\040\000e\000v\000a\000l\000u\000a\000t\000e\000\050\000\051}{subsection.4.53.2}% 353
\BOOKMARK [3][-]{subsubsection.4.53.2.3}{\376\377\0004\000.\0005\0003\000.\0002\000.\0003\000\040\000g\000e\000t\000N\000a\000m\000e\000\050\000\051}{subsection.4.53.2}% 354
\BOOKMARK [1][-]{section.4.54}{\376\377\0004\000.\0005\0004\000\040\000S\000h\000a\000d\000e\000\040\000C\000l\000a\000s\000s\000\040\000R\000e\000f\000e\000r\000e\000n\000c\000e}{chapter.4}% 355
\BOOKMARK [1][-]{section.4.55}{\376\377\0004\000.\0005\0005\000\040\000S\000h\000a\000d\000e\000S\000t\000r\000a\000t\000e\000g\000y\000\040\000C\000l\000a\000s\000s\000\040\000R\000e\000f\000e\000r\000e\000n\000c\000e}{chapter.4}% 356
\BOOKMARK [2][-]{subsection.4.55.1}{\376\377\0004\000.\0005\0005\000.\0001\000\040\000D\000e\000t\000a\000i\000l\000e\000d\000\040\000D\000e\000s\000c\000r\000i\000p\000t\000i\000o\000n}{section.4.55}% 357
\BOOKMARK [2][-]{subsection.4.55.2}{\376\377\0004\000.\0005\0005\000.\0002\000\040\000M\000e\000m\000b\000e\000r\000\040\000F\000u\000n\000c\000t\000i\000o\000n\000\040\000D\000o\000c\000u\000m\000e\000n\000t\000a\000t\000i\000o\000n}{section.4.55}% 358
\BOOKMARK [3][-]{subsubsection.4.55.2.1}{\376\377\0004\000.\0005\0005\000.\0002\000.\0001\000\040\000a\000p\000p\000l\000y\000S\000u\000n\000l\000i\000g\000h\000t\000\050\000\051}{subsection.4.55.2}% 359
\BOOKMARK [3][-]{subsubsection.4.55.2.2}{\376\377\0004\000.\0005\0005\000.\0002\000.\0002\000\040\000g\000e\000t\000S\000t\000r\000a\000t\000e\000g\000y\000N\000a\000m\000e\000\050\000\051}{subsection.4.55.2}% 360
\BOOKMARK [1][-]{section.4.56}{\376\377\0004\000.\0005\0006\000\040\000S\000p\000e\000c\000i\000a\000l\000A\000r\000r\000a\000n\000g\000e\000m\000e\000n\000t\000\040\000C\000l\000a\000s\000s\000\040\000R\000e\000f\000e\000r\000e\000n\000c\000e}{chapter.4}% 361
\BOOKMARK [2][-]{subsection.4.56.1}{\376\377\0004\000.\0005\0006\000.\0001\000\040\000D\000e\000t\000a\000i\000l\000e\000d\000\040\000D\000e\000s\000c\000r\000i\000p\000t\000i\000o\000n}{section.4.56}% 362
\BOOKMARK [1][-]{section.4.57}{\376\377\0004\000.\0005\0007\000\040\000S\000t\000a\000f\000f\000\040\000C\000l\000a\000s\000s\000\040\000R\000e\000f\000e\000r\000e\000n\000c\000e}{chapter.4}% 363
\BOOKMARK [2][-]{subsection.4.57.1}{\376\377\0004\000.\0005\0007\000.\0001\000\040\000D\000e\000t\000a\000i\000l\000e\000d\000\040\000D\000e\000s\000c\000r\000i\000p\000t\000i\000o\000n}{section.4.57}% 364
\BOOKMARK [2][-]{subsection.4.57.2}{\376\377\0004\000.\0005\0007\000.\0002\000\040\000C\000o\000n\000s\000t\000r\000u\000c\000t\000o\000r\000\040\000\046\000\040\000D\000e\000s\000t\000r\000u\000c\000t\000o\000r\000\040\000D\000o\000c\000u\000m\000e\000n\000t\000a\000t\000i\000o\000n}{section.4.57}% 365
\BOOKMARK [3][-]{subsubsection.4.57.2.1}{\376\377\0004\000.\0005\0007\000.\0002\000.\0001\000\040\000S\000t\000a\000f\000f\000\050\000\051}{subsection.4.57.2}% 366
\BOOKMARK [3][-]{subsubsection.4.57.2.2}{\376\377\0004\000.\0005\0007\000.\0002\000.\0002\000\040\000\040\000S\000t\000a\000f\000f\000\050\000\051}{subsection.4.57.2}% 367
\BOOKMARK [2][-]{subsection.4.57.3}{\376\377\0004\000.\0005\0007\000.\0003\000\040\000M\000e\000m\000b\000e\000r\000\040\000F\000u\000n\000c\000t\000i\000o\000n\000\040\000D\000o\000c\000u\000m\000e\000n\000t\000a\000t\000i\000o\000n}{section.4.57}% 368
\BOOKMARK [3][-]{subsubsection.4.57.3.1}{\376\377\0004\000.\0005\0007\000.\0003\000.\0001\000\040\000g\000e\000t\000N\000a\000m\000e\000\050\000\051}{subsection.4.57.3}% 369
\BOOKMARK [3][-]{subsubsection.4.57.3.2}{\376\377\0004\000.\0005\0007\000.\0003\000.\0002\000\040\000g\000e\000t\000N\000e\000x\000t\000\050\000\051}{subsection.4.57.3}% 370
\BOOKMARK [3][-]{subsubsection.4.57.3.3}{\376\377\0004\000.\0005\0007\000.\0003\000.\0003\000\040\000g\000e\000t\000S\000t\000o\000c\000k\000\050\000\051}{subsection.4.57.3}% 371
\BOOKMARK [3][-]{subsubsection.4.57.3.4}{\376\377\0004\000.\0005\0007\000.\0003\000.\0004\000\040\000h\000a\000n\000d\000l\000e\000Q\000u\000e\000r\000y\000\050\000\051}{subsection.4.57.3}% 372
\BOOKMARK [3][-]{subsubsection.4.57.3.5}{\376\377\0004\000.\0005\0007\000.\0003\000.\0005\000\040\000i\000s\000H\000e\000a\000l\000t\000h\000y\000\050\000\051}{subsection.4.57.3}% 373
\BOOKMARK [3][-]{subsubsection.4.57.3.6}{\376\377\0004\000.\0005\0007\000.\0003\000.\0006\000\040\000s\000e\000t\000N\000e\000x\000t\000\050\000\051}{subsection.4.57.3}% 374
\BOOKMARK [1][-]{section.4.58}{\376\377\0004\000.\0005\0008\000\040\000S\000t\000a\000f\000f\000F\000a\000c\000t\000o\000r\000y\000\040\000C\000l\000a\000s\000s\000\040\000R\000e\000f\000e\000r\000e\000n\000c\000e}{chapter.4}% 375
\BOOKMARK [2][-]{subsection.4.58.1}{\376\377\0004\000.\0005\0008\000.\0001\000\040\000D\000e\000t\000a\000i\000l\000e\000d\000\040\000D\000e\000s\000c\000r\000i\000p\000t\000i\000o\000n}{section.4.58}% 376
\BOOKMARK [2][-]{subsection.4.58.2}{\376\377\0004\000.\0005\0008\000.\0002\000\040\000M\000e\000m\000b\000e\000r\000\040\000F\000u\000n\000c\000t\000i\000o\000n\000\040\000D\000o\000c\000u\000m\000e\000n\000t\000a\000t\000i\000o\000n}{section.4.58}% 377
\BOOKMARK [3][-]{subsubsection.4.58.2.1}{\376\377\0004\000.\0005\0008\000.\0002\000.\0001\000\040\000c\000r\000e\000a\000t\000e\000F\000l\000o\000o\000r\000S\000t\000a\000f\000f\000\050\000\051}{subsection.4.58.2}% 378
\BOOKMARK [3][-]{subsubsection.4.58.2.2}{\376\377\0004\000.\0005\0008\000.\0002\000.\0002\000\040\000c\000r\000e\000a\000t\000e\000S\000a\000l\000e\000s\000S\000t\000a\000f\000f\000\050\000\051}{subsection.4.58.2}% 379
\BOOKMARK [1][-]{section.4.59}{\376\377\0004\000.\0005\0009\000\040\000S\000t\000a\000f\000f\000O\000b\000s\000e\000r\000v\000e\000r\000\040\000C\000l\000a\000s\000s\000\040\000R\000e\000f\000e\000r\000e\000n\000c\000e}{chapter.4}% 380
\BOOKMARK [2][-]{subsection.4.59.1}{\376\377\0004\000.\0005\0009\000.\0001\000\040\000D\000e\000t\000a\000i\000l\000e\000d\000\040\000D\000e\000s\000c\000r\000i\000p\000t\000i\000o\000n}{section.4.59}% 381
\BOOKMARK [2][-]{subsection.4.59.2}{\376\377\0004\000.\0005\0009\000.\0002\000\040\000C\000o\000n\000s\000t\000r\000u\000c\000t\000o\000r\000\040\000\046\000\040\000D\000e\000s\000t\000r\000u\000c\000t\000o\000r\000\040\000D\000o\000c\000u\000m\000e\000n\000t\000a\000t\000i\000o\000n}{section.4.59}% 382
\BOOKMARK [3][-]{subsubsection.4.59.2.1}{\376\377\0004\000.\0005\0009\000.\0002\000.\0001\000\040\000S\000t\000a\000f\000f\000O\000b\000s\000e\000r\000v\000e\000r\000\050\000\051}{subsection.4.59.2}% 383
\BOOKMARK [1][-]{section.4.60}{\376\377\0004\000.\0006\0000\000\040\000S\000t\000o\000c\000k\000C\000o\000m\000m\000a\000n\000d\000\040\000C\000l\000a\000s\000s\000\040\000R\000e\000f\000e\000r\000e\000n\000c\000e}{chapter.4}% 384
\BOOKMARK [2][-]{subsection.4.60.1}{\376\377\0004\000.\0006\0000\000.\0001\000\040\000D\000e\000t\000a\000i\000l\000e\000d\000\040\000D\000e\000s\000c\000r\000i\000p\000t\000i\000o\000n}{section.4.60}% 385
\BOOKMARK [2][-]{subsection.4.60.2}{\376\377\0004\000.\0006\0000\000.\0002\000\040\000C\000o\000n\000s\000t\000r\000u\000c\000t\000o\000r\000\040\000\046\000\040\000D\000e\000s\000t\000r\000u\000c\000t\000o\000r\000\040\000D\000o\000c\000u\000m\000e\000n\000t\000a\000t\000i\000o\000n}{section.4.60}% 386
\BOOKMARK [3][-]{subsubsection.4.60.2.1}{\376\377\0004\000.\0006\0000\000.\0002\000.\0001\000\040\000\040\000S\000t\000o\000c\000k\000C\000o\000m\000m\000a\000n\000d\000\050\000\051}{subsection.4.60.2}% 387
\BOOKMARK [2][-]{subsection.4.60.3}{\376\377\0004\000.\0006\0000\000.\0003\000\040\000M\000e\000m\000b\000e\000r\000\040\000F\000u\000n\000c\000t\000i\000o\000n\000\040\000D\000o\000c\000u\000m\000e\000n\000t\000a\000t\000i\000o\000n}{section.4.60}% 388
\BOOKMARK [3][-]{subsubsection.4.60.3.1}{\376\377\0004\000.\0006\0000\000.\0003\000.\0001\000\040\000e\000x\000e\000c\000u\000t\000e\000\050\000\051}{subsection.4.60.3}% 389
\BOOKMARK [1][-]{section.4.61}{\376\377\0004\000.\0006\0001\000\040\000S\000u\000n\000l\000i\000g\000h\000t\000S\000t\000r\000a\000t\000e\000g\000y\000\040\000C\000l\000a\000s\000s\000\040\000R\000e\000f\000e\000r\000e\000n\000c\000e}{chapter.4}% 390
\BOOKMARK [2][-]{subsection.4.61.1}{\376\377\0004\000.\0006\0001\000.\0001\000\040\000M\000e\000m\000b\000e\000r\000\040\000F\000u\000n\000c\000t\000i\000o\000n\000\040\000D\000o\000c\000u\000m\000e\000n\000t\000a\000t\000i\000o\000n}{section.4.61}% 391
\BOOKMARK [3][-]{subsubsection.4.61.1.1}{\376\377\0004\000.\0006\0001\000.\0001\000.\0001\000\040\000a\000p\000p\000l\000y\000S\000u\000n\000l\000i\000g\000h\000t\000\050\000\051}{subsection.4.61.1}% 392
\BOOKMARK [3][-]{subsubsection.4.61.1.2}{\376\377\0004\000.\0006\0001\000.\0001\000.\0002\000\040\000g\000e\000t\000S\000t\000r\000a\000t\000e\000g\000y\000N\000a\000m\000e\000\050\000\051}{subsection.4.61.1}% 393
\BOOKMARK [2][-]{subsection.4.61.2}{\376\377\0004\000.\0006\0001\000.\0002\000\040\000M\000e\000m\000b\000e\000r\000\040\000D\000a\000t\000a\000\040\000D\000o\000c\000u\000m\000e\000n\000t\000a\000t\000i\000o\000n}{section.4.61}% 394
\BOOKMARK [3][-]{subsubsection.4.61.2.1}{\376\377\0004\000.\0006\0001\000.\0002\000.\0001\000\040\000c\000u\000r\000r\000e\000n\000t\000P\000l\000a\000n\000t}{subsection.4.61.2}% 395
\BOOKMARK [1][-]{section.4.62}{\376\377\0004\000.\0006\0002\000\040\000S\000u\000n\000n\000y\000\040\000C\000l\000a\000s\000s\000\040\000R\000e\000f\000e\000r\000e\000n\000c\000e}{chapter.4}% 396
\BOOKMARK [2][-]{subsection.4.62.1}{\376\377\0004\000.\0006\0002\000.\0001\000\040\000D\000e\000t\000a\000i\000l\000e\000d\000\040\000D\000e\000s\000c\000r\000i\000p\000t\000i\000o\000n}{section.4.62}% 397
\BOOKMARK [2][-]{subsection.4.62.2}{\376\377\0004\000.\0006\0002\000.\0002\000\040\000M\000e\000m\000b\000e\000r\000\040\000F\000u\000n\000c\000t\000i\000o\000n\000\040\000D\000o\000c\000u\000m\000e\000n\000t\000a\000t\000i\000o\000n}{section.4.62}% 398
\BOOKMARK [3][-]{subsubsection.4.62.2.1}{\376\377\0004\000.\0006\0002\000.\0002\000.\0001\000\040\000F\000e\000r\000t\000i\000l\000i\000z\000i\000n\000g\000\050\000\051}{subsection.4.62.2}% 399
\BOOKMARK [3][-]{subsubsection.4.62.2.2}{\376\377\0004\000.\0006\0002\000.\0002\000.\0002\000\040\000S\000u\000n\000l\000i\000g\000h\000t\000\050\000\051}{subsection.4.62.2}% 400
\BOOKMARK [3][-]{subsubsection.4.62.2.3}{\376\377\0004\000.\0006\0002\000.\0002\000.\0003\000\040\000W\000a\000t\000e\000r\000i\000n\000g\000\050\000\051}{subsection.4.62.2}% 401
\BOOKMARK [1][-]{section.4.63}{\376\377\0004\000.\0006\0003\000\040\000T\000e\000m\000p\000e\000r\000a\000t\000e\000\040\000C\000l\000a\000s\000s\000\040\000R\000e\000f\000e\000r\000e\000n\000c\000e}{chapter.4}% 402
\BOOKMARK [2][-]{subsection.4.63.1}{\376\377\0004\000.\0006\0003\000.\0001\000\040\000D\000e\000t\000a\000i\000l\000e\000d\000\040\000D\000e\000s\000c\000r\000i\000p\000t\000i\000o\000n}{section.4.63}% 403
\BOOKMARK [2][-]{subsection.4.63.2}{\376\377\0004\000.\0006\0003\000.\0002\000\040\000M\000e\000m\000b\000e\000r\000\040\000F\000u\000n\000c\000t\000i\000o\000n\000\040\000D\000o\000c\000u\000m\000e\000n\000t\000a\000t\000i\000o\000n}{section.4.63}% 404
\BOOKMARK [3][-]{subsubsection.4.63.2.1}{\376\377\0004\000.\0006\0003\000.\0002\000.\0001\000\040\000F\000e\000r\000t\000i\000l\000i\000z\000i\000n\000g\000\050\000\051}{subsection.4.63.2}% 405
\BOOKMARK [3][-]{subsubsection.4.63.2.2}{\376\377\0004\000.\0006\0003\000.\0002\000.\0002\000\040\000S\000u\000n\000l\000i\000g\000h\000t\000\050\000\051}{subsection.4.63.2}% 406
\BOOKMARK [3][-]{subsubsection.4.63.2.3}{\376\377\0004\000.\0006\0003\000.\0002\000.\0003\000\040\000W\000a\000t\000e\000r\000i\000n\000g\000\050\000\051}{subsection.4.63.2}% 407
\BOOKMARK [1][-]{section.4.64}{\376\377\0004\000.\0006\0004\000\040\000T\000r\000a\000n\000s\000a\000c\000t\000i\000o\000n\000\040\000C\000l\000a\000s\000s\000\040\000R\000e\000f\000e\000r\000e\000n\000c\000e}{chapter.4}% 408
\BOOKMARK [2][-]{subsection.4.64.1}{\376\377\0004\000.\0006\0004\000.\0001\000\040\000D\000e\000t\000a\000i\000l\000e\000d\000\040\000D\000e\000s\000c\000r\000i\000p\000t\000i\000o\000n}{section.4.64}% 409
\BOOKMARK [2][-]{subsection.4.64.2}{\376\377\0004\000.\0006\0004\000.\0002\000\040\000C\000o\000n\000s\000t\000r\000u\000c\000t\000o\000r\000\040\000\046\000\040\000D\000e\000s\000t\000r\000u\000c\000t\000o\000r\000\040\000D\000o\000c\000u\000m\000e\000n\000t\000a\000t\000i\000o\000n}{section.4.64}% 410
\BOOKMARK [3][-]{subsubsection.4.64.2.1}{\376\377\0004\000.\0006\0004\000.\0002\000.\0001\000\040\000T\000r\000a\000n\000s\000a\000c\000t\000i\000o\000n\000\050\000\051}{subsection.4.64.2}% 411
\BOOKMARK [2][-]{subsection.4.64.3}{\376\377\0004\000.\0006\0004\000.\0003\000\040\000M\000e\000m\000b\000e\000r\000\040\000F\000u\000n\000c\000t\000i\000o\000n\000\040\000D\000o\000c\000u\000m\000e\000n\000t\000a\000t\000i\000o\000n}{section.4.64}% 412
\BOOKMARK [3][-]{subsubsection.4.64.3.1}{\376\377\0004\000.\0006\0004\000.\0003\000.\0001\000\040\000a\000d\000d\000D\000e\000c\000o\000r\000a\000t\000i\000o\000n\000\050\000\051}{subsection.4.64.3}% 413
\BOOKMARK [3][-]{subsubsection.4.64.3.2}{\376\377\0004\000.\0006\0004\000.\0003\000.\0002\000\040\000c\000l\000o\000n\000e\000\050\000\051}{subsection.4.64.3}% 414
\BOOKMARK [3][-]{subsubsection.4.64.3.3}{\376\377\0004\000.\0006\0004\000.\0003\000.\0003\000\040\000c\000r\000e\000a\000t\000e\000S\000n\000a\000p\000s\000h\000o\000t\000\050\000\051}{subsection.4.64.3}% 415
\BOOKMARK [3][-]{subsubsection.4.64.3.4}{\376\377\0004\000.\0006\0004\000.\0003\000.\0004\000\040\000g\000e\000t\000A\000m\000o\000u\000n\000t\000\050\000\051}{subsection.4.64.3}% 416
\BOOKMARK [3][-]{subsubsection.4.64.3.5}{\376\377\0004\000.\0006\0004\000.\0003\000.\0005\000\040\000g\000e\000t\000D\000e\000c\000o\000r\000a\000t\000i\000o\000n\000s\000\050\000\051}{subsection.4.64.3}% 417
\BOOKMARK [3][-]{subsubsection.4.64.3.6}{\376\377\0004\000.\0006\0004\000.\0003\000.\0006\000\040\000g\000e\000t\000P\000a\000y\000m\000e\000n\000t\000M\000e\000t\000h\000o\000d\000\050\000\051}{subsection.4.64.3}% 418
\BOOKMARK [3][-]{subsubsection.4.64.3.7}{\376\377\0004\000.\0006\0004\000.\0003\000.\0007\000\040\000g\000e\000t\000Q\000u\000a\000n\000t\000i\000t\000y\000\050\000\051}{subsection.4.64.3}% 419
\BOOKMARK [3][-]{subsubsection.4.64.3.8}{\376\377\0004\000.\0006\0004\000.\0003\000.\0008\000\040\000g\000e\000t\000T\000r\000a\000n\000s\000a\000c\000t\000i\000o\000n\000I\000d\000\050\000\051}{subsection.4.64.3}% 420
\BOOKMARK [3][-]{subsubsection.4.64.3.9}{\376\377\0004\000.\0006\0004\000.\0003\000.\0009\000\040\000r\000e\000s\000t\000o\000r\000e\000S\000n\000a\000p\000s\000h\000o\000t\000\050\000\051}{subsection.4.64.3}% 421
\BOOKMARK [3][-]{subsubsection.4.64.3.10}{\376\377\0004\000.\0006\0004\000.\0003\000.\0001\0000\000\040\000s\000e\000t\000P\000a\000y\000m\000e\000n\000t\000S\000t\000r\000a\000t\000e\000g\000y\000\050\000\051}{subsection.4.64.3}% 422
\BOOKMARK [3][-]{subsubsection.4.64.3.11}{\376\377\0004\000.\0006\0004\000.\0003\000.\0001\0001\000\040\000s\000e\000t\000T\000r\000a\000n\000s\000a\000c\000t\000i\000o\000n\000\050\000\051}{subsection.4.64.3}% 423
\BOOKMARK [1][-]{section.4.65}{\376\377\0004\000.\0006\0005\000\040\000T\000r\000a\000n\000s\000a\000c\000t\000i\000o\000n\000H\000i\000s\000t\000o\000r\000y\000\040\000C\000l\000a\000s\000s\000\040\000R\000e\000f\000e\000r\000e\000n\000c\000e}{chapter.4}% 424
\BOOKMARK [2][-]{subsection.4.65.1}{\376\377\0004\000.\0006\0005\000.\0001\000\040\000D\000e\000t\000a\000i\000l\000e\000d\000\040\000D\000e\000s\000c\000r\000i\000p\000t\000i\000o\000n}{section.4.65}% 425
\BOOKMARK [2][-]{subsection.4.65.2}{\376\377\0004\000.\0006\0005\000.\0002\000\040\000M\000e\000m\000b\000e\000r\000\040\000F\000u\000n\000c\000t\000i\000o\000n\000\040\000D\000o\000c\000u\000m\000e\000n\000t\000a\000t\000i\000o\000n}{section.4.65}% 426
\BOOKMARK [3][-]{subsubsection.4.65.2.1}{\376\377\0004\000.\0006\0005\000.\0002\000.\0001\000\040\000a\000d\000d\000S\000n\000a\000p\000s\000h\000o\000t\000\050\000\051}{subsection.4.65.2}% 427
\BOOKMARK [3][-]{subsubsection.4.65.2.2}{\376\377\0004\000.\0006\0005\000.\0002\000.\0002\000\040\000g\000e\000t\000H\000i\000s\000t\000o\000r\000y\000S\000i\000z\000e\000\050\000\051}{subsection.4.65.2}% 428
\BOOKMARK [3][-]{subsubsection.4.65.2.3}{\376\377\0004\000.\0006\0005\000.\0002\000.\0003\000\040\000g\000e\000t\000S\000n\000a\000p\000s\000h\000o\000t\000\050\000\051}{subsection.4.65.2}% 429
\BOOKMARK [1][-]{section.4.66}{\376\377\0004\000.\0006\0006\000\040\000T\000r\000a\000n\000s\000a\000c\000t\000i\000o\000n\000S\000n\000a\000p\000s\000h\000o\000t\000\040\000C\000l\000a\000s\000s\000\040\000R\000e\000f\000e\000r\000e\000n\000c\000e}{chapter.4}% 430
\BOOKMARK [2][-]{subsection.4.66.1}{\376\377\0004\000.\0006\0006\000.\0001\000\040\000D\000e\000t\000a\000i\000l\000e\000d\000\040\000D\000e\000s\000c\000r\000i\000p\000t\000i\000o\000n}{section.4.66}% 431
\BOOKMARK [2][-]{subsection.4.66.2}{\376\377\0004\000.\0006\0006\000.\0002\000\040\000C\000o\000n\000s\000t\000r\000u\000c\000t\000o\000r\000\040\000\046\000\040\000D\000e\000s\000t\000r\000u\000c\000t\000o\000r\000\040\000D\000o\000c\000u\000m\000e\000n\000t\000a\000t\000i\000o\000n}{section.4.66}% 432
\BOOKMARK [3][-]{subsubsection.4.66.2.1}{\376\377\0004\000.\0006\0006\000.\0002\000.\0001\000\040\000T\000r\000a\000n\000s\000a\000c\000t\000i\000o\000n\000S\000n\000a\000p\000s\000h\000o\000t\000\050\000\051}{subsection.4.66.2}% 433
\BOOKMARK [2][-]{subsection.4.66.3}{\376\377\0004\000.\0006\0006\000.\0003\000\040\000M\000e\000m\000b\000e\000r\000\040\000F\000u\000n\000c\000t\000i\000o\000n\000\040\000D\000o\000c\000u\000m\000e\000n\000t\000a\000t\000i\000o\000n}{section.4.66}% 434
\BOOKMARK [3][-]{subsubsection.4.66.3.1}{\376\377\0004\000.\0006\0006\000.\0003\000.\0001\000\040\000g\000e\000t\000A\000m\000o\000u\000n\000t\000\050\000\051}{subsection.4.66.3}% 435
\BOOKMARK [3][-]{subsubsection.4.66.3.2}{\376\377\0004\000.\0006\0006\000.\0003\000.\0002\000\040\000g\000e\000t\000D\000e\000c\000o\000r\000a\000t\000i\000o\000n\000s\000\050\000\051}{subsection.4.66.3}% 436
\BOOKMARK [3][-]{subsubsection.4.66.3.3}{\376\377\0004\000.\0006\0006\000.\0003\000.\0003\000\040\000g\000e\000t\000O\000r\000d\000e\000r\000N\000u\000m\000\050\000\051}{subsection.4.66.3}% 437
\BOOKMARK [3][-]{subsubsection.4.66.3.4}{\376\377\0004\000.\0006\0006\000.\0003\000.\0004\000\040\000g\000e\000t\000Q\000u\000a\000n\000t\000i\000t\000y\000\050\000\051}{subsection.4.66.3}% 438
\BOOKMARK [1][-]{section.4.67}{\376\377\0004\000.\0006\0007\000\040\000T\000r\000e\000e\000F\000a\000c\000t\000o\000r\000y\000\040\000C\000l\000a\000s\000s\000\040\000R\000e\000f\000e\000r\000e\000n\000c\000e}{chapter.4}% 439
\BOOKMARK [2][-]{subsection.4.67.1}{\376\377\0004\000.\0006\0007\000.\0001\000\040\000D\000e\000t\000a\000i\000l\000e\000d\000\040\000D\000e\000s\000c\000r\000i\000p\000t\000i\000o\000n}{section.4.67}% 440
\BOOKMARK [2][-]{subsection.4.67.2}{\376\377\0004\000.\0006\0007\000.\0002\000\040\000M\000e\000m\000b\000e\000r\000\040\000F\000u\000n\000c\000t\000i\000o\000n\000\040\000D\000o\000c\000u\000m\000e\000n\000t\000a\000t\000i\000o\000n}{section.4.67}% 441
\BOOKMARK [3][-]{subsubsection.4.67.2.1}{\376\377\0004\000.\0006\0007\000.\0002\000.\0001\000\040\000c\000r\000e\000a\000t\000e\000P\000l\000a\000n\000t\000\050\000\051}{subsection.4.67.2}% 442
\BOOKMARK [1][-]{section.4.68}{\376\377\0004\000.\0006\0008\000\040\000T\000r\000o\000p\000i\000c\000a\000l\000\040\000C\000l\000a\000s\000s\000\040\000R\000e\000f\000e\000r\000e\000n\000c\000e}{chapter.4}% 443
\BOOKMARK [2][-]{subsection.4.68.1}{\376\377\0004\000.\0006\0008\000.\0001\000\040\000D\000e\000t\000a\000i\000l\000e\000d\000\040\000D\000e\000s\000c\000r\000i\000p\000t\000i\000o\000n}{section.4.68}% 444
\BOOKMARK [2][-]{subsection.4.68.2}{\376\377\0004\000.\0006\0008\000.\0002\000\040\000M\000e\000m\000b\000e\000r\000\040\000F\000u\000n\000c\000t\000i\000o\000n\000\040\000D\000o\000c\000u\000m\000e\000n\000t\000a\000t\000i\000o\000n}{section.4.68}% 445
\BOOKMARK [3][-]{subsubsection.4.68.2.1}{\376\377\0004\000.\0006\0008\000.\0002\000.\0001\000\040\000F\000e\000r\000t\000i\000l\000i\000z\000i\000n\000g\000\050\000\051}{subsection.4.68.2}% 446
\BOOKMARK [3][-]{subsubsection.4.68.2.2}{\376\377\0004\000.\0006\0008\000.\0002\000.\0002\000\040\000S\000u\000n\000l\000i\000g\000h\000t\000\050\000\051}{subsection.4.68.2}% 447
\BOOKMARK [3][-]{subsubsection.4.68.2.3}{\376\377\0004\000.\0006\0008\000.\0002\000.\0003\000\040\000W\000a\000t\000e\000r\000i\000n\000g\000\050\000\051}{subsection.4.68.2}% 448
\BOOKMARK [1][-]{section.4.69}{\376\377\0004\000.\0006\0009\000\040\000W\000a\000t\000e\000r\000S\000t\000r\000a\000t\000e\000g\000y\000\040\000C\000l\000a\000s\000s\000\040\000R\000e\000f\000e\000r\000e\000n\000c\000e}{chapter.4}% 449
\BOOKMARK [2][-]{subsection.4.69.1}{\376\377\0004\000.\0006\0009\000.\0001\000\040\000D\000e\000t\000a\000i\000l\000e\000d\000\040\000D\000e\000s\000c\000r\000i\000p\000t\000i\000o\000n}{section.4.69}% 450
\BOOKMARK [2][-]{subsection.4.69.2}{\376\377\0004\000.\0006\0009\000.\0002\000\040\000M\000e\000m\000b\000e\000r\000\040\000F\000u\000n\000c\000t\000i\000o\000n\000\040\000D\000o\000c\000u\000m\000e\000n\000t\000a\000t\000i\000o\000n}{section.4.69}% 451
\BOOKMARK [3][-]{subsubsection.4.69.2.1}{\376\377\0004\000.\0006\0009\000.\0002\000.\0001\000\040\000a\000p\000p\000l\000y\000W\000a\000t\000e\000r\000\050\000\051}{subsection.4.69.2}% 452
\BOOKMARK [3][-]{subsubsection.4.69.2.2}{\376\377\0004\000.\0006\0009\000.\0002\000.\0002\000\040\000g\000e\000t\000S\000t\000r\000a\000t\000e\000g\000y\000N\000a\000m\000e\000\050\000\051}{subsection.4.69.2}% 453
\BOOKMARK [1][-]{section.4.70}{\376\377\0004\000.\0007\0000\000\040\000W\000i\000t\000h\000e\000r\000e\000d\000S\000t\000a\000t\000e\000\040\000C\000l\000a\000s\000s\000\040\000R\000e\000f\000e\000r\000e\000n\000c\000e}{chapter.4}% 454
\BOOKMARK [2][-]{subsection.4.70.1}{\376\377\0004\000.\0007\0000\000.\0001\000\040\000D\000e\000t\000a\000i\000l\000e\000d\000\040\000D\000e\000s\000c\000r\000i\000p\000t\000i\000o\000n}{section.4.70}% 455
\BOOKMARK [2][-]{subsection.4.70.2}{\376\377\0004\000.\0007\0000\000.\0002\000\040\000M\000e\000m\000b\000e\000r\000\040\000F\000u\000n\000c\000t\000i\000o\000n\000\040\000D\000o\000c\000u\000m\000e\000n\000t\000a\000t\000i\000o\000n}{section.4.70}% 456
\BOOKMARK [3][-]{subsubsection.4.70.2.1}{\376\377\0004\000.\0007\0000\000.\0002\000.\0001\000\040\000a\000p\000p\000l\000y\000C\000a\000r\000e\000\050\000\051}{subsection.4.70.2}% 457
\BOOKMARK [3][-]{subsubsection.4.70.2.2}{\376\377\0004\000.\0007\0000\000.\0002\000.\0002\000\040\000c\000l\000o\000n\000e\000\050\000\051}{subsection.4.70.2}% 458
\BOOKMARK [3][-]{subsubsection.4.70.2.3}{\376\377\0004\000.\0007\0000\000.\0002\000.\0003\000\040\000e\000v\000a\000l\000u\000a\000t\000e\000\050\000\051}{subsection.4.70.2}% 459
\BOOKMARK [3][-]{subsubsection.4.70.2.4}{\376\377\0004\000.\0007\0000\000.\0002\000.\0004\000\040\000g\000e\000t\000N\000a\000m\000e\000\050\000\051}{subsection.4.70.2}% 460
\BOOKMARK [0][-]{chapter.5}{\376\377\0005\000\040\000F\000i\000l\000e\000\040\000D\000o\000c\000u\000m\000e\000n\000t\000a\000t\000i\000o\000n}{}% 461
\BOOKMARK [1][-]{section.5.1}{\376\377\0005\000.\0001\000\040\000A\000s\000k\000Q\000u\000e\000r\000y\000.\000c\000p\000p\000\040\000F\000i\000l\000e\000\040\000R\000e\000f\000e\000r\000e\000n\000c\000e}{chapter.5}% 462
\BOOKMARK [2][-]{subsection.5.1.1}{\376\377\0005\000.\0001\000.\0001\000\040\000D\000e\000t\000a\000i\000l\000e\000d\000\040\000D\000e\000s\000c\000r\000i\000p\000t\000i\000o\000n}{section.5.1}% 463
\BOOKMARK [1][-]{section.5.2}{\376\377\0005\000.\0002\000\040\000A\000s\000k\000Q\000u\000e\000r\000y\000.\000h\000\040\000F\000i\000l\000e\000\040\000R\000e\000f\000e\000r\000e\000n\000c\000e}{chapter.5}% 464
\BOOKMARK [2][-]{subsection.5.2.1}{\376\377\0005\000.\0002\000.\0001\000\040\000D\000e\000t\000a\000i\000l\000e\000d\000\040\000D\000e\000s\000c\000r\000i\000p\000t\000i\000o\000n}{section.5.2}% 465
\BOOKMARK [1][-]{section.5.3}{\376\377\0005\000.\0003\000\040\000B\000u\000i\000l\000d\000e\000r\000.\000c\000p\000p\000\040\000F\000i\000l\000e\000\040\000R\000e\000f\000e\000r\000e\000n\000c\000e}{chapter.5}% 466
\BOOKMARK [2][-]{subsection.5.3.1}{\376\377\0005\000.\0003\000.\0001\000\040\000D\000e\000t\000a\000i\000l\000e\000d\000\040\000D\000e\000s\000c\000r\000i\000p\000t\000i\000o\000n}{section.5.3}% 467
\BOOKMARK [1][-]{section.5.4}{\376\377\0005\000.\0004\000\040\000B\000u\000i\000l\000d\000e\000r\000.\000h\000\040\000F\000i\000l\000e\000\040\000R\000e\000f\000e\000r\000e\000n\000c\000e}{chapter.5}% 468
\BOOKMARK [2][-]{subsection.5.4.1}{\376\377\0005\000.\0004\000.\0001\000\040\000D\000e\000t\000a\000i\000l\000e\000d\000\040\000D\000e\000s\000c\000r\000i\000p\000t\000i\000o\000n}{section.5.4}% 469
\BOOKMARK [1][-]{section.5.5}{\376\377\0005\000.\0005\000\040\000C\000r\000e\000d\000i\000t\000C\000a\000r\000d\000P\000a\000y\000m\000e\000n\000t\000S\000t\000r\000a\000t\000e\000g\000y\000.\000h\000\040\000F\000i\000l\000e\000\040\000R\000e\000f\000e\000r\000e\000n\000c\000e}{chapter.5}% 470
\BOOKMARK [2][-]{subsection.5.5.1}{\376\377\0005\000.\0005\000.\0001\000\040\000D\000e\000t\000a\000i\000l\000e\000d\000\040\000D\000e\000s\000c\000r\000i\000p\000t\000i\000o\000n}{section.5.5}% 471
\BOOKMARK [1][-]{section.5.6}{\376\377\0005\000.\0006\000\040\000C\000u\000s\000t\000o\000m\000e\000r\000.\000h\000\040\000F\000i\000l\000e\000\040\000R\000e\000f\000e\000r\000e\000n\000c\000e}{chapter.5}% 472
\BOOKMARK [2][-]{subsection.5.6.1}{\376\377\0005\000.\0006\000.\0001\000\040\000D\000e\000t\000a\000i\000l\000e\000d\000\040\000D\000e\000s\000c\000r\000i\000p\000t\000i\000o\000n}{section.5.6}% 473
\BOOKMARK [1][-]{section.5.7}{\376\377\0005\000.\0007\000\040\000D\000e\000c\000o\000r\000a\000t\000i\000v\000e\000P\000o\000t\000.\000h\000\040\000F\000i\000l\000e\000\040\000R\000e\000f\000e\000r\000e\000n\000c\000e}{chapter.5}% 474
\BOOKMARK [2][-]{subsection.5.7.1}{\376\377\0005\000.\0007\000.\0001\000\040\000D\000e\000t\000a\000i\000l\000e\000d\000\040\000D\000e\000s\000c\000r\000i\000p\000t\000i\000o\000n}{section.5.7}% 475
\BOOKMARK [1][-]{section.5.8}{\376\377\0005\000.\0008\000\040\000D\000i\000s\000t\000r\000e\000s\000s\000e\000d\000S\000t\000a\000t\000e\000.\000h\000\040\000F\000i\000l\000e\000\040\000R\000e\000f\000e\000r\000e\000n\000c\000e}{chapter.5}% 476
\BOOKMARK [2][-]{subsection.5.8.1}{\376\377\0005\000.\0008\000.\0001\000\040\000D\000e\000t\000a\000i\000l\000e\000d\000\040\000D\000e\000s\000c\000r\000i\000p\000t\000i\000o\000n}{section.5.8}% 477
\BOOKMARK [1][-]{section.5.9}{\376\377\0005\000.\0009\000\040\000E\000F\000T\000P\000a\000y\000m\000e\000n\000t\000S\000t\000r\000a\000t\000e\000g\000y\000.\000h\000\040\000F\000i\000l\000e\000\040\000R\000e\000f\000e\000r\000e\000n\000c\000e}{chapter.5}% 478
\BOOKMARK [2][-]{subsection.5.9.1}{\376\377\0005\000.\0009\000.\0001\000\040\000D\000e\000t\000a\000i\000l\000e\000d\000\040\000D\000e\000s\000c\000r\000i\000p\000t\000i\000o\000n}{section.5.9}% 479
\BOOKMARK [1][-]{section.5.10}{\376\377\0005\000.\0001\0000\000\040\000E\000m\000p\000l\000o\000y\000e\000e\000F\000a\000c\000t\000o\000r\000y\000.\000h\000\040\000F\000i\000l\000e\000\040\000R\000e\000f\000e\000r\000e\000n\000c\000e}{chapter.5}% 480
\BOOKMARK [2][-]{subsection.5.10.1}{\376\377\0005\000.\0001\0000\000.\0001\000\040\000D\000e\000t\000a\000i\000l\000e\000d\000\040\000D\000e\000s\000c\000r\000i\000p\000t\000i\000o\000n}{section.5.10}% 481
\BOOKMARK [1][-]{section.5.11}{\376\377\0005\000.\0001\0001\000\040\000E\000W\000a\000l\000l\000e\000t\000P\000a\000y\000m\000e\000n\000t\000S\000t\000r\000a\000t\000e\000g\000y\000.\000h\000\040\000F\000i\000l\000e\000\040\000R\000e\000f\000e\000r\000e\000n\000c\000e}{chapter.5}% 482
\BOOKMARK [2][-]{subsection.5.11.1}{\376\377\0005\000.\0001\0001\000.\0001\000\040\000D\000e\000t\000a\000i\000l\000e\000d\000\040\000D\000e\000s\000c\000r\000i\000p\000t\000i\000o\000n}{section.5.11}% 483
\BOOKMARK [1][-]{section.5.12}{\376\377\0005\000.\0001\0002\000\040\000F\000e\000r\000t\000i\000l\000i\000z\000e\000r\000S\000t\000r\000a\000t\000e\000g\000y\000.\000h\000\040\000F\000i\000l\000e\000\040\000R\000e\000f\000e\000r\000e\000n\000c\000e}{chapter.5}% 484
\BOOKMARK [2][-]{subsection.5.12.1}{\376\377\0005\000.\0001\0002\000.\0001\000\040\000D\000e\000t\000a\000i\000l\000e\000d\000\040\000D\000e\000s\000c\000r\000i\000p\000t\000i\000o\000n}{section.5.12}% 485
\BOOKMARK [1][-]{section.5.13}{\376\377\0005\000.\0001\0003\000\040\000F\000l\000o\000o\000r\000E\000m\000p\000l\000o\000y\000e\000e\000.\000h\000\040\000F\000i\000l\000e\000\040\000R\000e\000f\000e\000r\000e\000n\000c\000e}{chapter.5}% 486
\BOOKMARK [2][-]{subsection.5.13.1}{\376\377\0005\000.\0001\0003\000.\0001\000\040\000D\000e\000t\000a\000i\000l\000e\000d\000\040\000D\000e\000s\000c\000r\000i\000p\000t\000i\000o\000n}{section.5.13}% 487
\BOOKMARK [1][-]{section.5.14}{\376\377\0005\000.\0001\0004\000\040\000F\000l\000o\000o\000r\000M\000a\000n\000a\000g\000e\000r\000.\000h\000\040\000F\000i\000l\000e\000\040\000R\000e\000f\000e\000r\000e\000n\000c\000e}{chapter.5}% 488
\BOOKMARK [2][-]{subsection.5.14.1}{\376\377\0005\000.\0001\0004\000.\0001\000\040\000D\000e\000t\000a\000i\000l\000e\000d\000\040\000D\000e\000s\000c\000r\000i\000p\000t\000i\000o\000n}{section.5.14}% 489
\BOOKMARK [1][-]{section.5.15}{\376\377\0005\000.\0001\0005\000\040\000F\000l\000o\000o\000r\000S\000t\000a\000f\000f\000.\000h\000\040\000F\000i\000l\000e\000\040\000R\000e\000f\000e\000r\000e\000n\000c\000e}{chapter.5}% 490
\BOOKMARK [2][-]{subsection.5.15.1}{\376\377\0005\000.\0001\0005\000.\0001\000\040\000D\000e\000t\000a\000i\000l\000e\000d\000\040\000D\000e\000s\000c\000r\000i\000p\000t\000i\000o\000n}{section.5.15}% 491
\BOOKMARK [1][-]{section.5.16}{\376\377\0005\000.\0001\0006\000\040\000F\000l\000o\000w\000e\000r\000F\000a\000c\000t\000o\000r\000y\000.\000h\000\040\000F\000i\000l\000e\000\040\000R\000e\000f\000e\000r\000e\000n\000c\000e}{chapter.5}% 492
\BOOKMARK [2][-]{subsection.5.16.1}{\376\377\0005\000.\0001\0006\000.\0001\000\040\000D\000e\000t\000a\000i\000l\000e\000d\000\040\000D\000e\000s\000c\000r\000i\000p\000t\000i\000o\000n}{section.5.16}% 493
\BOOKMARK [1][-]{section.5.17}{\376\377\0005\000.\0001\0007\000\040\000F\000u\000l\000l\000S\000u\000n\000S\000t\000r\000a\000t\000e\000g\000y\000.\000h\000\040\000F\000i\000l\000e\000\040\000R\000e\000f\000e\000r\000e\000n\000c\000e}{chapter.5}% 494
\BOOKMARK [2][-]{subsection.5.17.1}{\376\377\0005\000.\0001\0007\000.\0001\000\040\000D\000e\000t\000a\000i\000l\000e\000d\000\040\000D\000e\000s\000c\000r\000i\000p\000t\000i\000o\000n}{section.5.17}% 495
\BOOKMARK [1][-]{section.5.18}{\376\377\0005\000.\0001\0008\000\040\000G\000i\000f\000t\000W\000r\000a\000p\000.\000h\000\040\000F\000i\000l\000e\000\040\000R\000e\000f\000e\000r\000e\000n\000c\000e}{chapter.5}% 496
\BOOKMARK [2][-]{subsection.5.18.1}{\376\377\0005\000.\0001\0008\000.\0001\000\040\000D\000e\000t\000a\000i\000l\000e\000d\000\040\000D\000e\000s\000c\000r\000i\000p\000t\000i\000o\000n}{section.5.18}% 497
\BOOKMARK [1][-]{section.5.19}{\376\377\0005\000.\0001\0009\000\040\000H\000i\000g\000h\000W\000a\000t\000e\000r\000S\000t\000r\000a\000t\000e\000g\000y\000.\000h\000\040\000F\000i\000l\000e\000\040\000R\000e\000f\000e\000r\000e\000n\000c\000e}{chapter.5}% 498
\BOOKMARK [2][-]{subsection.5.19.1}{\376\377\0005\000.\0001\0009\000.\0001\000\040\000D\000e\000t\000a\000i\000l\000e\000d\000\040\000D\000e\000s\000c\000r\000i\000p\000t\000i\000o\000n}{section.5.19}% 499
\BOOKMARK [1][-]{section.5.20}{\376\377\0005\000.\0002\0000\000\040\000I\000n\000o\000r\000g\000a\000n\000i\000c\000F\000e\000r\000t\000i\000l\000i\000z\000e\000r\000.\000h\000\040\000F\000i\000l\000e\000\040\000R\000e\000f\000e\000r\000e\000n\000c\000e}{chapter.5}% 500
\BOOKMARK [2][-]{subsection.5.20.1}{\376\377\0005\000.\0002\0000\000.\0001\000\040\000D\000e\000t\000a\000i\000l\000e\000d\000\040\000D\000e\000s\000c\000r\000i\000p\000t\000i\000o\000n}{section.5.20}% 501
\BOOKMARK [1][-]{section.5.21}{\376\377\0005\000.\0002\0001\000\040\000I\000n\000v\000e\000n\000t\000o\000r\000y\000O\000b\000s\000e\000r\000v\000e\000r\000.\000h\000\040\000F\000i\000l\000e\000\040\000R\000e\000f\000e\000r\000e\000n\000c\000e}{chapter.5}% 502
\BOOKMARK [2][-]{subsection.5.21.1}{\376\377\0005\000.\0002\0001\000.\0001\000\040\000D\000e\000t\000a\000i\000l\000e\000d\000\040\000D\000e\000s\000c\000r\000i\000p\000t\000i\000o\000n}{section.5.21}% 503
\BOOKMARK [1][-]{section.5.22}{\376\377\0005\000.\0002\0002\000\040\000I\000n\000v\000e\000n\000t\000o\000r\000y\000P\000r\000o\000x\000y\000.\000h\000\040\000F\000i\000l\000e\000\040\000R\000e\000f\000e\000r\000e\000n\000c\000e}{chapter.5}% 504
\BOOKMARK [2][-]{subsection.5.22.1}{\376\377\0005\000.\0002\0002\000.\0001\000\040\000D\000e\000t\000a\000i\000l\000e\000d\000\040\000D\000e\000s\000c\000r\000i\000p\000t\000i\000o\000n}{section.5.22}% 505
\BOOKMARK [1][-]{section.5.23}{\376\377\0005\000.\0002\0003\000\040\000I\000t\000e\000m\000Q\000u\000e\000r\000y\000B\000u\000i\000l\000d\000e\000r\000.\000c\000p\000p\000\040\000F\000i\000l\000e\000\040\000R\000e\000f\000e\000r\000e\000n\000c\000e}{chapter.5}% 506
\BOOKMARK [2][-]{subsection.5.23.1}{\376\377\0005\000.\0002\0003\000.\0001\000\040\000D\000e\000t\000a\000i\000l\000e\000d\000\040\000D\000e\000s\000c\000r\000i\000p\000t\000i\000o\000n}{section.5.23}% 507
\BOOKMARK [1][-]{section.5.24}{\376\377\0005\000.\0002\0004\000\040\000I\000t\000e\000m\000Q\000u\000e\000r\000y\000B\000u\000i\000l\000d\000e\000r\000.\000h\000\040\000F\000i\000l\000e\000\040\000R\000e\000f\000e\000r\000e\000n\000c\000e}{chapter.5}% 508
\BOOKMARK [2][-]{subsection.5.24.1}{\376\377\0005\000.\0002\0004\000.\0001\000\040\000D\000e\000t\000a\000i\000l\000e\000d\000\040\000D\000e\000s\000c\000r\000i\000p\000t\000i\000o\000n}{section.5.24}% 509
\BOOKMARK [1][-]{section.5.25}{\376\377\0005\000.\0002\0005\000\040\000L\000i\000f\000e\000C\000y\000c\000l\000e\000O\000b\000s\000e\000r\000v\000e\000r\000.\000h\000\040\000F\000i\000l\000e\000\040\000R\000e\000f\000e\000r\000e\000n\000c\000e}{chapter.5}% 510
\BOOKMARK [2][-]{subsection.5.25.1}{\376\377\0005\000.\0002\0005\000.\0001\000\040\000D\000e\000t\000a\000i\000l\000e\000d\000\040\000D\000e\000s\000c\000r\000i\000p\000t\000i\000o\000n}{section.5.25}% 511
\BOOKMARK [1][-]{section.5.26}{\376\377\0005\000.\0002\0006\000\040\000L\000o\000w\000W\000a\000t\000e\000r\000S\000t\000r\000a\000t\000e\000g\000y\000.\000h\000\040\000F\000i\000l\000e\000\040\000R\000e\000f\000e\000r\000e\000n\000c\000e}{chapter.5}% 512
\BOOKMARK [2][-]{subsection.5.26.1}{\376\377\0005\000.\0002\0006\000.\0001\000\040\000D\000e\000t\000a\000i\000l\000e\000d\000\040\000D\000e\000s\000c\000r\000i\000p\000t\000i\000o\000n}{section.5.26}% 513
\BOOKMARK [1][-]{section.5.27}{\376\377\0005\000.\0002\0007\000\040\000M\000a\000n\000a\000g\000e\000r\000F\000a\000c\000t\000o\000r\000y\000.\000h\000\040\000F\000i\000l\000e\000\040\000R\000e\000f\000e\000r\000e\000n\000c\000e}{chapter.5}% 514
\BOOKMARK [2][-]{subsection.5.27.1}{\376\377\0005\000.\0002\0007\000.\0001\000\040\000D\000e\000t\000a\000i\000l\000e\000d\000\040\000D\000e\000s\000c\000r\000i\000p\000t\000i\000o\000n}{section.5.27}% 515
\BOOKMARK [1][-]{section.5.28}{\376\377\0005\000.\0002\0008\000\040\000M\000a\000t\000u\000r\000e\000S\000t\000a\000t\000e\000.\000h\000\040\000F\000i\000l\000e\000\040\000R\000e\000f\000e\000r\000e\000n\000c\000e}{chapter.5}% 516
\BOOKMARK [2][-]{subsection.5.28.1}{\376\377\0005\000.\0002\0008\000.\0001\000\040\000D\000e\000t\000a\000i\000l\000e\000d\000\040\000D\000e\000s\000c\000r\000i\000p\000t\000i\000o\000n}{section.5.28}% 517
\BOOKMARK [1][-]{section.5.29}{\376\377\0005\000.\0002\0009\000\040\000M\000e\000d\000i\000u\000m\000W\000a\000t\000e\000r\000S\000t\000r\000a\000t\000e\000g\000y\000.\000h\000\040\000F\000i\000l\000e\000\040\000R\000e\000f\000e\000r\000e\000n\000c\000e}{chapter.5}% 518
\BOOKMARK [2][-]{subsection.5.29.1}{\376\377\0005\000.\0002\0009\000.\0001\000\040\000D\000e\000t\000a\000i\000l\000e\000d\000\040\000D\000e\000s\000c\000r\000i\000p\000t\000i\000o\000n}{section.5.29}% 519
\BOOKMARK [1][-]{section.5.30}{\376\377\0005\000.\0003\0000\000\040\000M\000i\000s\000c\000Q\000u\000e\000r\000y\000B\000u\000i\000l\000d\000e\000r\000.\000c\000p\000p\000\040\000F\000i\000l\000e\000\040\000R\000e\000f\000e\000r\000e\000n\000c\000e}{chapter.5}% 520
\BOOKMARK [2][-]{subsection.5.30.1}{\376\377\0005\000.\0003\0000\000.\0001\000\040\000D\000e\000t\000a\000i\000l\000e\000d\000\040\000D\000e\000s\000c\000r\000i\000p\000t\000i\000o\000n}{section.5.30}% 521
\BOOKMARK [1][-]{section.5.31}{\376\377\0005\000.\0003\0001\000\040\000M\000i\000s\000c\000Q\000u\000e\000r\000y\000B\000u\000i\000l\000d\000e\000r\000.\000h\000\040\000F\000i\000l\000e\000\040\000R\000e\000f\000e\000r\000e\000n\000c\000e}{chapter.5}% 522
\BOOKMARK [2][-]{subsection.5.31.1}{\376\377\0005\000.\0003\0001\000.\0001\000\040\000D\000e\000t\000a\000i\000l\000e\000d\000\040\000D\000e\000s\000c\000r\000i\000p\000t\000i\000o\000n}{section.5.31}% 523
\BOOKMARK [1][-]{section.5.32}{\376\377\0005\000.\0003\0002\000\040\000O\000a\000k\000.\000h\000\040\000F\000i\000l\000e\000\040\000R\000e\000f\000e\000r\000e\000n\000c\000e}{chapter.5}% 524
\BOOKMARK [2][-]{subsection.5.32.1}{\376\377\0005\000.\0003\0002\000.\0001\000\040\000D\000e\000t\000a\000i\000l\000e\000d\000\040\000D\000e\000s\000c\000r\000i\000p\000t\000i\000o\000n}{section.5.32}% 525
\BOOKMARK [1][-]{section.5.33}{\376\377\0005\000.\0003\0003\000\040\000O\000r\000d\000e\000r\000.\000h\000\040\000F\000i\000l\000e\000\040\000R\000e\000f\000e\000r\000e\000n\000c\000e}{chapter.5}% 526
\BOOKMARK [2][-]{subsection.5.33.1}{\376\377\0005\000.\0003\0003\000.\0001\000\040\000D\000e\000t\000a\000i\000l\000e\000d\000\040\000D\000e\000s\000c\000r\000i\000p\000t\000i\000o\000n}{section.5.33}% 527
\BOOKMARK [1][-]{section.5.34}{\376\377\0005\000.\0003\0004\000\040\000O\000r\000g\000a\000n\000i\000c\000F\000e\000r\000t\000i\000l\000i\000z\000e\000r\000.\000h\000\040\000F\000i\000l\000e\000\040\000R\000e\000f\000e\000r\000e\000n\000c\000e}{chapter.5}% 528
\BOOKMARK [2][-]{subsection.5.34.1}{\376\377\0005\000.\0003\0004\000.\0001\000\040\000D\000e\000t\000a\000i\000l\000e\000d\000\040\000D\000e\000s\000c\000r\000i\000p\000t\000i\000o\000n}{section.5.34}% 529
\BOOKMARK [1][-]{section.5.35}{\376\377\0005\000.\0003\0005\000\040\000P\000a\000r\000t\000i\000a\000l\000S\000u\000n\000S\000t\000r\000a\000t\000e\000g\000y\000.\000h\000\040\000F\000i\000l\000e\000\040\000R\000e\000f\000e\000r\000e\000n\000c\000e}{chapter.5}% 530
\BOOKMARK [2][-]{subsection.5.35.1}{\376\377\0005\000.\0003\0005\000.\0001\000\040\000D\000e\000t\000a\000i\000l\000e\000d\000\040\000D\000e\000s\000c\000r\000i\000p\000t\000i\000o\000n}{section.5.35}% 531
\BOOKMARK [1][-]{section.5.36}{\376\377\0005\000.\0003\0006\000\040\000P\000a\000y\000m\000e\000n\000t\000S\000t\000r\000a\000t\000e\000g\000y\000.\000h\000\040\000F\000i\000l\000e\000\040\000R\000e\000f\000e\000r\000e\000n\000c\000e}{chapter.5}% 532
\BOOKMARK [2][-]{subsection.5.36.1}{\376\377\0005\000.\0003\0006\000.\0001\000\040\000D\000e\000t\000a\000i\000l\000e\000d\000\040\000D\000e\000s\000c\000r\000i\000p\000t\000i\000o\000n}{section.5.36}% 533
\BOOKMARK [1][-]{section.5.37}{\376\377\0005\000.\0003\0007\000\040\000P\000l\000a\000n\000t\000.\000h\000\040\000F\000i\000l\000e\000\040\000R\000e\000f\000e\000r\000e\000n\000c\000e}{chapter.5}% 534
\BOOKMARK [2][-]{subsection.5.37.1}{\376\377\0005\000.\0003\0007\000.\0001\000\040\000D\000e\000t\000a\000i\000l\000e\000d\000\040\000D\000e\000s\000c\000r\000i\000p\000t\000i\000o\000n}{section.5.37}% 535
\BOOKMARK [1][-]{section.5.38}{\376\377\0005\000.\0003\0008\000\040\000P\000l\000a\000n\000t\000C\000a\000r\000e\000R\000o\000u\000t\000i\000n\000e\000.\000h\000\040\000F\000i\000l\000e\000\040\000R\000e\000f\000e\000r\000e\000n\000c\000e}{chapter.5}% 536
\BOOKMARK [2][-]{subsection.5.38.1}{\376\377\0005\000.\0003\0008\000.\0001\000\040\000D\000e\000t\000a\000i\000l\000e\000d\000\040\000D\000e\000s\000c\000r\000i\000p\000t\000i\000o\000n}{section.5.38}% 537
\BOOKMARK [1][-]{section.5.39}{\376\377\0005\000.\0003\0009\000\040\000P\000l\000a\000n\000t\000D\000e\000c\000o\000r\000a\000t\000o\000r\000.\000h\000\040\000F\000i\000l\000e\000\040\000R\000e\000f\000e\000r\000e\000n\000c\000e}{chapter.5}% 538
\BOOKMARK [2][-]{subsection.5.39.1}{\376\377\0005\000.\0003\0009\000.\0001\000\040\000D\000e\000t\000a\000i\000l\000e\000d\000\040\000D\000e\000s\000c\000r\000i\000p\000t\000i\000o\000n}{section.5.39}% 539
\BOOKMARK [1][-]{section.5.40}{\376\377\0005\000.\0004\0000\000\040\000P\000l\000a\000n\000t\000F\000a\000c\000t\000o\000r\000y\000.\000h\000\040\000F\000i\000l\000e\000\040\000R\000e\000f\000e\000r\000e\000n\000c\000e}{chapter.5}% 540
\BOOKMARK [2][-]{subsection.5.40.1}{\376\377\0005\000.\0004\0000\000.\0001\000\040\000D\000e\000t\000a\000i\000l\000e\000d\000\040\000D\000e\000s\000c\000r\000i\000p\000t\000i\000o\000n}{section.5.40}% 541
\BOOKMARK [1][-]{section.5.41}{\376\377\0005\000.\0004\0001\000\040\000P\000l\000a\000n\000t\000I\000n\000v\000e\000n\000t\000o\000r\000y\000.\000h\000\040\000F\000i\000l\000e\000\040\000R\000e\000f\000e\000r\000e\000n\000c\000e}{chapter.5}% 542
\BOOKMARK [2][-]{subsection.5.41.1}{\376\377\0005\000.\0004\0001\000.\0001\000\040\000D\000e\000t\000a\000i\000l\000e\000d\000\040\000D\000e\000s\000c\000r\000i\000p\000t\000i\000o\000n}{section.5.41}% 543
\BOOKMARK [1][-]{section.5.42}{\376\377\0005\000.\0004\0002\000\040\000P\000l\000a\000n\000t\000S\000t\000a\000t\000e\000.\000h\000\040\000F\000i\000l\000e\000\040\000R\000e\000f\000e\000r\000e\000n\000c\000e}{chapter.5}% 544
\BOOKMARK [2][-]{subsection.5.42.1}{\376\377\0005\000.\0004\0002\000.\0001\000\040\000D\000e\000t\000a\000i\000l\000e\000d\000\040\000D\000e\000s\000c\000r\000i\000p\000t\000i\000o\000n}{section.5.42}% 545
\BOOKMARK [1][-]{section.5.43}{\376\377\0005\000.\0004\0003\000\040\000P\000l\000a\000n\000t\000S\000t\000o\000c\000k\000.\000h\000\040\000F\000i\000l\000e\000\040\000R\000e\000f\000e\000r\000e\000n\000c\000e}{chapter.5}% 546
\BOOKMARK [2][-]{subsection.5.43.1}{\376\377\0005\000.\0004\0003\000.\0001\000\040\000D\000e\000t\000a\000i\000l\000e\000d\000\040\000D\000e\000s\000c\000r\000i\000p\000t\000i\000o\000n}{section.5.43}% 547
\BOOKMARK [1][-]{section.5.44}{\376\377\0005\000.\0004\0004\000\040\000Q\000u\000e\000r\000y\000.\000h\000\040\000F\000i\000l\000e\000\040\000R\000e\000f\000e\000r\000e\000n\000c\000e}{chapter.5}% 548
\BOOKMARK [2][-]{subsection.5.44.1}{\376\377\0005\000.\0004\0004\000.\0001\000\040\000D\000e\000t\000a\000i\000l\000e\000d\000\040\000D\000e\000s\000c\000r\000i\000p\000t\000i\000o\000n}{section.5.44}% 549
\BOOKMARK [1][-]{section.5.45}{\376\377\0005\000.\0004\0005\000\040\000R\000e\000m\000o\000v\000e\000S\000t\000o\000c\000k\000.\000h\000\040\000F\000i\000l\000e\000\040\000R\000e\000f\000e\000r\000e\000n\000c\000e}{chapter.5}% 550
\BOOKMARK [2][-]{subsection.5.45.1}{\376\377\0005\000.\0004\0005\000.\0001\000\040\000D\000e\000t\000a\000i\000l\000e\000d\000\040\000D\000e\000s\000c\000r\000i\000p\000t\000i\000o\000n}{section.5.45}% 551
\BOOKMARK [1][-]{section.5.46}{\376\377\0005\000.\0004\0006\000\040\000R\000o\000s\000e\000.\000h\000\040\000F\000i\000l\000e\000\040\000R\000e\000f\000e\000r\000e\000n\000c\000e}{chapter.5}% 552
\BOOKMARK [2][-]{subsection.5.46.1}{\376\377\0005\000.\0004\0006\000.\0001\000\040\000D\000e\000t\000a\000i\000l\000e\000d\000\040\000D\000e\000s\000c\000r\000i\000p\000t\000i\000o\000n}{section.5.46}% 553
\BOOKMARK [1][-]{section.5.47}{\376\377\0005\000.\0004\0007\000\040\000S\000a\000l\000e\000s\000E\000m\000p\000l\000o\000y\000e\000e\000.\000h\000\040\000F\000i\000l\000e\000\040\000R\000e\000f\000e\000r\000e\000n\000c\000e}{chapter.5}% 554
\BOOKMARK [2][-]{subsection.5.47.1}{\376\377\0005\000.\0004\0007\000.\0001\000\040\000D\000e\000t\000a\000i\000l\000e\000d\000\040\000D\000e\000s\000c\000r\000i\000p\000t\000i\000o\000n}{section.5.47}% 555
\BOOKMARK [1][-]{section.5.48}{\376\377\0005\000.\0004\0008\000\040\000S\000a\000l\000e\000s\000F\000l\000o\000o\000r\000O\000b\000s\000e\000r\000v\000e\000r\000.\000h\000\040\000F\000i\000l\000e\000\040\000R\000e\000f\000e\000r\000e\000n\000c\000e}{chapter.5}% 556
\BOOKMARK [2][-]{subsection.5.48.1}{\376\377\0005\000.\0004\0008\000.\0001\000\040\000D\000e\000t\000a\000i\000l\000e\000d\000\040\000D\000e\000s\000c\000r\000i\000p\000t\000i\000o\000n}{section.5.48}% 557
\BOOKMARK [1][-]{section.5.49}{\376\377\0005\000.\0004\0009\000\040\000S\000a\000l\000e\000s\000M\000a\000n\000a\000g\000e\000r\000.\000h\000\040\000F\000i\000l\000e\000\040\000R\000e\000f\000e\000r\000e\000n\000c\000e}{chapter.5}% 558
\BOOKMARK [2][-]{subsection.5.49.1}{\376\377\0005\000.\0004\0009\000.\0001\000\040\000D\000e\000t\000a\000i\000l\000e\000d\000\040\000D\000e\000s\000c\000r\000i\000p\000t\000i\000o\000n}{section.5.49}% 559
\BOOKMARK [1][-]{section.5.50}{\376\377\0005\000.\0005\0000\000\040\000S\000a\000l\000e\000s\000S\000t\000a\000f\000f\000.\000h\000\040\000F\000i\000l\000e\000\040\000R\000e\000f\000e\000r\000e\000n\000c\000e}{chapter.5}% 560
\BOOKMARK [2][-]{subsection.5.50.1}{\376\377\0005\000.\0005\0000\000.\0001\000\040\000D\000e\000t\000a\000i\000l\000e\000d\000\040\000D\000e\000s\000c\000r\000i\000p\000t\000i\000o\000n}{section.5.50}% 561
\BOOKMARK [1][-]{section.5.51}{\376\377\0005\000.\0005\0001\000\040\000S\000e\000e\000d\000l\000i\000n\000g\000S\000t\000a\000t\000e\000.\000h\000\040\000F\000i\000l\000e\000\040\000R\000e\000f\000e\000r\000e\000n\000c\000e}{chapter.5}% 562
\BOOKMARK [2][-]{subsection.5.51.1}{\376\377\0005\000.\0005\0001\000.\0001\000\040\000D\000e\000t\000a\000i\000l\000e\000d\000\040\000D\000e\000s\000c\000r\000i\000p\000t\000i\000o\000n}{section.5.51}% 563
\BOOKMARK [1][-]{section.5.52}{\376\377\0005\000.\0005\0002\000\040\000S\000e\000e\000d\000S\000t\000a\000t\000e\000.\000h\000\040\000F\000i\000l\000e\000\040\000R\000e\000f\000e\000r\000e\000n\000c\000e}{chapter.5}% 564
\BOOKMARK [2][-]{subsection.5.52.1}{\376\377\0005\000.\0005\0002\000.\0001\000\040\000D\000e\000t\000a\000i\000l\000e\000d\000\040\000D\000e\000s\000c\000r\000i\000p\000t\000i\000o\000n}{section.5.52}% 565
\BOOKMARK [1][-]{section.5.53}{\376\377\0005\000.\0005\0003\000\040\000S\000h\000a\000d\000e\000.\000h\000\040\000F\000i\000l\000e\000\040\000R\000e\000f\000e\000r\000e\000n\000c\000e}{chapter.5}% 566
\BOOKMARK [2][-]{subsection.5.53.1}{\376\377\0005\000.\0005\0003\000.\0001\000\040\000D\000e\000t\000a\000i\000l\000e\000d\000\040\000D\000e\000s\000c\000r\000i\000p\000t\000i\000o\000n}{section.5.53}% 567
\BOOKMARK [1][-]{section.5.54}{\376\377\0005\000.\0005\0004\000\040\000S\000h\000a\000d\000e\000S\000t\000r\000a\000t\000e\000g\000y\000.\000h\000\040\000F\000i\000l\000e\000\040\000R\000e\000f\000e\000r\000e\000n\000c\000e}{chapter.5}% 568
\BOOKMARK [2][-]{subsection.5.54.1}{\376\377\0005\000.\0005\0004\000.\0001\000\040\000D\000e\000t\000a\000i\000l\000e\000d\000\040\000D\000e\000s\000c\000r\000i\000p\000t\000i\000o\000n}{section.5.54}% 569
\BOOKMARK [1][-]{section.5.55}{\376\377\0005\000.\0005\0005\000\040\000S\000p\000e\000c\000i\000a\000l\000A\000r\000r\000a\000n\000g\000e\000m\000e\000n\000t\000.\000h\000\040\000F\000i\000l\000e\000\040\000R\000e\000f\000e\000r\000e\000n\000c\000e}{chapter.5}% 570
\BOOKMARK [2][-]{subsection.5.55.1}{\376\377\0005\000.\0005\0005\000.\0001\000\040\000D\000e\000t\000a\000i\000l\000e\000d\000\040\000D\000e\000s\000c\000r\000i\000p\000t\000i\000o\000n}{section.5.55}% 571
\BOOKMARK [1][-]{section.5.56}{\376\377\0005\000.\0005\0006\000\040\000S\000t\000a\000f\000f\000.\000h\000\040\000F\000i\000l\000e\000\040\000R\000e\000f\000e\000r\000e\000n\000c\000e}{chapter.5}% 572
\BOOKMARK [2][-]{subsection.5.56.1}{\376\377\0005\000.\0005\0006\000.\0001\000\040\000D\000e\000t\000a\000i\000l\000e\000d\000\040\000D\000e\000s\000c\000r\000i\000p\000t\000i\000o\000n}{section.5.56}% 573
\BOOKMARK [1][-]{section.5.57}{\376\377\0005\000.\0005\0007\000\040\000S\000t\000a\000f\000f\000F\000a\000c\000t\000o\000r\000y\000.\000h\000\040\000F\000i\000l\000e\000\040\000R\000e\000f\000e\000r\000e\000n\000c\000e}{chapter.5}% 574
\BOOKMARK [2][-]{subsection.5.57.1}{\376\377\0005\000.\0005\0007\000.\0001\000\040\000D\000e\000t\000a\000i\000l\000e\000d\000\040\000D\000e\000s\000c\000r\000i\000p\000t\000i\000o\000n}{section.5.57}% 575
\BOOKMARK [1][-]{section.5.58}{\376\377\0005\000.\0005\0008\000\040\000S\000t\000a\000f\000f\000O\000b\000s\000e\000r\000v\000e\000r\000.\000h\000\040\000F\000i\000l\000e\000\040\000R\000e\000f\000e\000r\000e\000n\000c\000e}{chapter.5}% 576
\BOOKMARK [2][-]{subsection.5.58.1}{\376\377\0005\000.\0005\0008\000.\0001\000\040\000D\000e\000t\000a\000i\000l\000e\000d\000\040\000D\000e\000s\000c\000r\000i\000p\000t\000i\000o\000n}{section.5.58}% 577
\BOOKMARK [1][-]{section.5.59}{\376\377\0005\000.\0005\0009\000\040\000S\000t\000o\000c\000k\000C\000o\000m\000m\000a\000n\000d\000.\000h\000\040\000F\000i\000l\000e\000\040\000R\000e\000f\000e\000r\000e\000n\000c\000e}{chapter.5}% 578
\BOOKMARK [2][-]{subsection.5.59.1}{\376\377\0005\000.\0005\0009\000.\0001\000\040\000D\000e\000t\000a\000i\000l\000e\000d\000\040\000D\000e\000s\000c\000r\000i\000p\000t\000i\000o\000n}{section.5.59}% 579
\BOOKMARK [1][-]{section.5.60}{\376\377\0005\000.\0006\0000\000\040\000S\000u\000n\000l\000i\000g\000h\000t\000S\000t\000r\000a\000t\000e\000g\000y\000.\000h\000\040\000F\000i\000l\000e\000\040\000R\000e\000f\000e\000r\000e\000n\000c\000e}{chapter.5}% 580
\BOOKMARK [2][-]{subsection.5.60.1}{\376\377\0005\000.\0006\0000\000.\0001\000\040\000D\000e\000t\000a\000i\000l\000e\000d\000\040\000D\000e\000s\000c\000r\000i\000p\000t\000i\000o\000n}{section.5.60}% 581
\BOOKMARK [1][-]{section.5.61}{\376\377\0005\000.\0006\0001\000\040\000S\000u\000n\000n\000y\000.\000h\000\040\000F\000i\000l\000e\000\040\000R\000e\000f\000e\000r\000e\000n\000c\000e}{chapter.5}% 582
\BOOKMARK [2][-]{subsection.5.61.1}{\376\377\0005\000.\0006\0001\000.\0001\000\040\000D\000e\000t\000a\000i\000l\000e\000d\000\040\000D\000e\000s\000c\000r\000i\000p\000t\000i\000o\000n}{section.5.61}% 583
\BOOKMARK [1][-]{section.5.62}{\376\377\0005\000.\0006\0002\000\040\000T\000e\000m\000p\000e\000r\000a\000t\000e\000.\000h\000\040\000F\000i\000l\000e\000\040\000R\000e\000f\000e\000r\000e\000n\000c\000e}{chapter.5}% 584
\BOOKMARK [2][-]{subsection.5.62.1}{\376\377\0005\000.\0006\0002\000.\0001\000\040\000D\000e\000t\000a\000i\000l\000e\000d\000\040\000D\000e\000s\000c\000r\000i\000p\000t\000i\000o\000n}{section.5.62}% 585
\BOOKMARK [1][-]{section.5.63}{\376\377\0005\000.\0006\0003\000\040\000T\000r\000a\000n\000s\000a\000c\000t\000i\000o\000n\000.\000h\000\040\000F\000i\000l\000e\000\040\000R\000e\000f\000e\000r\000e\000n\000c\000e}{chapter.5}% 586
\BOOKMARK [2][-]{subsection.5.63.1}{\376\377\0005\000.\0006\0003\000.\0001\000\040\000D\000e\000t\000a\000i\000l\000e\000d\000\040\000D\000e\000s\000c\000r\000i\000p\000t\000i\000o\000n}{section.5.63}% 587
\BOOKMARK [1][-]{section.5.64}{\376\377\0005\000.\0006\0004\000\040\000T\000r\000a\000n\000s\000a\000c\000t\000i\000o\000n\000H\000i\000s\000t\000o\000r\000y\000.\000h\000\040\000F\000i\000l\000e\000\040\000R\000e\000f\000e\000r\000e\000n\000c\000e}{chapter.5}% 588
\BOOKMARK [2][-]{subsection.5.64.1}{\376\377\0005\000.\0006\0004\000.\0001\000\040\000D\000e\000t\000a\000i\000l\000e\000d\000\040\000D\000e\000s\000c\000r\000i\000p\000t\000i\000o\000n}{section.5.64}% 589
\BOOKMARK [1][-]{section.5.65}{\376\377\0005\000.\0006\0005\000\040\000T\000r\000a\000n\000s\000a\000c\000t\000i\000o\000n\000S\000n\000a\000p\000s\000h\000o\000t\000.\000h\000\040\000F\000i\000l\000e\000\040\000R\000e\000f\000e\000r\000e\000n\000c\000e}{chapter.5}% 590
\BOOKMARK [2][-]{subsection.5.65.1}{\376\377\0005\000.\0006\0005\000.\0001\000\040\000D\000e\000t\000a\000i\000l\000e\000d\000\040\000D\000e\000s\000c\000r\000i\000p\000t\000i\000o\000n}{section.5.65}% 591
\BOOKMARK [1][-]{section.5.66}{\376\377\0005\000.\0006\0006\000\040\000T\000r\000e\000e\000F\000a\000c\000t\000o\000r\000y\000.\000h\000\040\000F\000i\000l\000e\000\040\000R\000e\000f\000e\000r\000e\000n\000c\000e}{chapter.5}% 592
\BOOKMARK [2][-]{subsection.5.66.1}{\376\377\0005\000.\0006\0006\000.\0001\000\040\000D\000e\000t\000a\000i\000l\000e\000d\000\040\000D\000e\000s\000c\000r\000i\000p\000t\000i\000o\000n}{section.5.66}% 593
\BOOKMARK [1][-]{section.5.67}{\376\377\0005\000.\0006\0007\000\040\000T\000r\000o\000p\000i\000c\000a\000l\000.\000h\000\040\000F\000i\000l\000e\000\040\000R\000e\000f\000e\000r\000e\000n\000c\000e}{chapter.5}% 594
\BOOKMARK [2][-]{subsection.5.67.1}{\376\377\0005\000.\0006\0007\000.\0001\000\040\000D\000e\000t\000a\000i\000l\000e\000d\000\040\000D\000e\000s\000c\000r\000i\000p\000t\000i\000o\000n}{section.5.67}% 595
\BOOKMARK [1][-]{section.5.68}{\376\377\0005\000.\0006\0008\000\040\000W\000i\000t\000h\000e\000r\000e\000d\000S\000t\000a\000t\000e\000.\000h\000\040\000F\000i\000l\000e\000\040\000R\000e\000f\000e\000r\000e\000n\000c\000e}{chapter.5}% 596
\BOOKMARK [2][-]{subsection.5.68.1}{\376\377\0005\000.\0006\0008\000.\0001\000\040\000D\000e\000t\000a\000i\000l\000e\000d\000\040\000D\000e\000s\000c\000r\000i\000p\000t\000i\000o\000n}{section.5.68}% 597
\BOOKMARK [0][-]{section*.376}{\376\377\000I\000n\000d\000e\000x}{}% 598
